customer_id,bal_mean,bal_std,bal_min,bal_max,bal_last,bal_trend,fhs_mean,fhs_std,fhs_last,runway_mean,runway_last,vel_mean,vel_max,segment,bal_cv
NW000001,2656.0813333333335,774.470114185655,1774.04,5390.25,2743.11,9.146378729884324,42.230000000000004,14.644847619478767,32.1,26.288888888888888,27.0,1.0002222222222221,1.74,gig_worker,0.2915837344535339
NW000002,1234.9877777777776,765.947430384005,718.84,3932.46,886.72,-4.61683467094703,28.971111111111114,12.261396848815586,31.7,17.204444444444444,13.9,1.0474444444444444,1.64,sme_distressed,0.6202064863850245
NW000003,20134.167555555556,761.1178525145979,18905.98,23295.44,19228.11,-12.452020414042899,75.89555555555556,8.789893470115555,73.9,44.93777777777778,46.4,0.983,1.57,near_retiree,0.03780230051301948
NW000004,2949.2324444444444,875.5310151069364,1814.98,5800.73,2107.88,-15.097118821253668,55.02777777777778,9.997842776058322,41.3,31.735555555555553,28.2,1.0195555555555555,1.78,young_professional,0.29686741604792793
NW000005,6642.144111111111,760.022565550412,6135.55,9269.7,6226.59,-2.8622818454953385,72.50444444444445,8.102821136002412,81.2,43.29333333333334,51.7,1.0346666666666666,1.54,stable_salaried,0.1144242812014619
NW000006,7471.343666666668,808.5544633055638,6722.54,10319.9,6985.53,-9.712706342346776,73.58333333333333,9.583708672017963,69.5,44.01,39.7,0.9946666666666666,1.51,stable_salaried,0.10822075645013121
NW000007,6511.783111111111,780.450250675196,5591.65,9101.85,6960.79,11.434175741861129,73.09222222222222,8.274181147275398,74.2,43.35111111111111,40.5,1.0246666666666666,1.61,stable_salaried,0.1198520032621337
NW000008,7265.67311111111,673.6170516014196,6323.87,9649.24,6796.42,-6.571738733176974,54.13333333333333,14.836767266535803,53.3,32.992222222222225,33.6,0.9986666666666666,1.58,sme_seasonal,0.09271227060453398
NW000009,2439.2265555555555,711.9993685787524,1938.87,4974.68,2212.02,1.5340821500596722,52.662222222222226,8.446707726134282,39.7,32.41777777777778,23.3,0.9924444444444446,1.62,young_professional,0.2918955465440922
NW000010,8533.140555555556,897.6833671082663,7269.77,11424.77,7824.07,-15.73451907642922,67.48555555555555,8.418900100450967,62.0,39.845555555555556,41.6,0.9748888888888888,1.52,near_retiree,0.10519964616354806
NW000011,9233.728888888889,735.0285050047651,8514.84,12261.0,8599.25,-8.708678108408497,75.75777777777778,6.996756516259177,76.0,45.67444444444444,48.7,1.021111111111111,1.69,stable_salaried,0.07960256510121691
NW000012,1476.0797777777777,754.3050644686776,642.19,4555.35,654.19,-14.504017121455322,31.865555555555556,12.283479003501537,14.2,19.58111111111111,23.2,0.9756666666666667,1.58,sme_distressed,0.5110191710669432
NW000013,4136.389444444444,727.7938853690559,3072.94,7148.9,4434.58,6.509307074947489,47.64333333333333,13.341639220075308,44.5,27.337777777777777,22.2,1.017111111111111,1.55,sme_seasonal,0.17594907228731832
NW000014,2327.8751111111114,737.0422073262318,1480.74,5211.01,1546.72,-14.935497221879244,37.97333333333333,12.942168687553051,51.3,22.125555555555554,32.5,0.9993333333333333,1.71,stretched_salaried,0.31661587161969196
NW000015,9918.299888888889,726.8215142930986,9042.33,12955.17,10169.76,10.979192904473747,75.86555555555555,8.496386027634733,84.8,45.60666666666667,54.0,0.9764444444444444,1.58,stable_salaried,0.07328085684395673
NW000016,7517.770555555555,793.6464932967062,6718.95,10293.24,6719.68,-9.056926616454696,72.19777777777777,8.247546148894974,76.6,43.26444444444444,51.2,1.000888888888889,1.59,stable_salaried,0.10556939553179229
NW000017,3638.8006666666665,753.3689366145452,2927.1,6535.64,3815.8,9.324846688891645,47.95666666666667,12.857324673228451,59.7,28.79111111111111,42.5,1.0134444444444444,1.74,stretched_salaried,0.20703770435017285
NW000018,2370.444,731.205759806931,1604.95,5053.86,2195.95,3.2153123430876107,43.99888888888889,16.96955300202805,43.4,26.58,18.5,1.0122222222222221,1.61,freelancer,0.3084678481360163
NW000019,4389.673666666667,744.7243709738254,3525.79,7259.77,4833.1,11.294250895172233,51.19888888888889,15.426050449140432,26.3,30.31222222222222,20.6,1.0010000000000001,1.55,gig_worker,0.1696536980935391
NW000020,2330.474111111111,752.4481213665681,1635.67,5173.07,2603.93,8.37511947977116,44.644444444444446,13.538643079329006,60.8,26.4,40.3,0.9906666666666666,1.52,stretched_salaried,0.32287340922565316
NW000021,458.17055555555555,811.5812062248859,-452.18,3109.2,919.83,15.506685516730457,46.68666666666667,11.14913409244126,59.7,28.353333333333335,35.4,1.0323333333333333,1.66,young_professional,1.7713517300141683
NW000022,8675.360777777778,795.3943675291774,7990.79,11402.71,8026.36,-8.356626332469075,74.94444444444444,7.41389692843232,75.5,45.94777777777778,43.4,1.0043333333333333,1.53,stable_salaried,0.09168429854428721
NW000023,2075.948777777778,706.4359299030876,1637.96,4799.24,1745.99,-0.6649164094332688,39.14333333333333,10.613506870487608,51.3,23.761111111111113,31.5,0.9831111111111112,1.64,stretched_salaried,0.34029545307919384
NW000024,3618.1223333333332,760.7472033188265,3098.11,6133.88,3439.74,1.148503189694172,50.916666666666664,13.237266512354472,47.5,29.80111111111111,26.5,1.0032222222222222,1.6,gig_worker,0.21026022152710327
NW000025,3538.815555555556,741.742558628766,2812.92,6348.22,3867.92,7.1226530024282955,47.49111111111111,14.193538998902223,44.7,28.66333333333333,25.8,0.9931111111111111,1.49,gig_worker,0.2096019266854162
NW000026,6647.289333333334,724.4527129826112,5891.04,9199.52,5891.04,-4.028061406758086,53.09,11.275329039270659,47.2,31.668888888888887,36.4,0.9812222222222222,1.73,sme_seasonal,0.10898468182358008
NW000027,8401.08088888889,839.1303039425437,7398.46,11352.33,7398.46,-14.284548874346676,74.29222222222222,8.016292787967636,73.3,44.77666666666667,51.3,1.0063333333333335,1.63,stable_salaried,0.09988361200668375
NW000028,1811.6787777777777,827.0942249418725,521.17,4504.74,521.17,-11.618702638185793,42.73888888888889,13.527065623021796,32.7,24.457777777777775,23.5,1.0295555555555556,1.59,freelancer,0.4565346986933269
NW000029,2814.1671111111114,800.8426313033723,2002.86,5524.23,2952.79,5.916752685516726,55.86666666666667,9.856749241914272,52.5,34.16111111111111,41.0,0.9921111111111112,1.65,young_professional,0.2845753644626944
NW000030,9829.954444444445,586.7877400933364,9257.2,12171.9,9907.76,3.3604142075153125,76.72,8.5466492547165,72.7,46.09333333333333,47.2,0.9711111111111111,1.65,stable_salaried,0.05969384124917983
NW000031,3391.6669999999995,698.9012998639885,2932.66,6078.49,3136.69,1.2601108778861556,55.48222222222222,10.039904401910437,56.3,32.90888888888889,36.0,0.986,1.58,young_professional,0.20606424506414944
NW000032,9717.150444444445,723.8049156265754,8976.99,12318.43,9067.31,-9.561860311972739,77.24222222222222,7.479589873058786,74.3,46.342222222222226,36.6,0.985111111111111,1.59,stable_salaried,0.07448736332371945
NW000033,9528.224222222223,681.4430412033311,8959.56,11986.79,9337.33,2.6980947442070535,75.59666666666666,8.68550969440973,85.5,45.69888888888889,44.3,0.987,1.69,stable_salaried,0.07151836746390099
NW000034,1563.8182222222224,662.5603445276695,1082.95,4095.14,1419.13,3.624819195785476,32.03777777777778,10.628608603619703,19.3,19.38222222222222,9.5,1.0304444444444445,1.86,sme_distressed,0.4236811766946645
NW000035,969.8091111111112,815.2363775522989,76.44,3623.19,1068.45,9.003313495493263,25.878888888888888,12.291492393863916,26.6,16.058888888888887,15.4,1.0243333333333333,1.83,sme_distressed,0.8406153006938467
NW000036,6979.238888888889,743.994978019242,5809.49,9947.66,6019.92,-11.34940527637157,52.73777777777777,12.799926068762769,54.7,32.13777777777778,35.0,0.9673333333333334,1.6,sme_seasonal,0.10660116237082805
NW000037,1642.418,781.296621557158,672.44,4340.56,2010.15,13.551422150882818,36.73111111111111,12.893920215622614,31.8,22.927777777777777,19.7,0.9922222222222222,1.45,stretched_salaried,0.4756990130144446
NW000038,9964.81988888889,781.8232425217211,9361.85,12539.08,9956.09,2.611286249331146,77.88,7.747289486137876,70.1,47.021111111111104,40.3,0.9558888888888889,1.54,stable_salaried,0.07845834156957322
NW000039,6352.788666666666,630.5202240796748,5825.63,9085.25,5927.56,-4.76486759682267,66.22666666666666,9.138765436746104,70.7,40.47666666666667,50.2,1.0096666666666667,1.68,young_professional,0.0992509364254535
NW000040,2606.4262222222223,798.4491219838642,1697.24,5482.31,2870.03,10.211735605218742,44.33777777777778,14.704746445959213,51.8,25.544444444444444,28.3,1.0052222222222222,1.46,gig_worker,0.30633866217901673
NW000041,9322.411666666667,769.1403173370711,8686.33,11824.62,8694.26,-5.090800263407011,76.46111111111111,6.419189882809243,76.1,46.19555555555556,43.4,1.0121111111111112,1.88,stable_salaried,0.08250443606639031
NW000042,6266.051111111111,678.2752813768473,5515.34,9249.3,5555.45,-10.908241017409589,56.309999999999995,16.397197965615813,22.0,33.41555555555556,14.7,0.9908888888888889,1.69,freelancer,0.10824604992035788
NW000043,9362.511777777778,694.3719201132408,8719.3,12247.19,9462.12,5.950733670823534,78.00111111111111,6.991238408314913,71.8,47.09111111111111,44.4,1.0278888888888889,1.61,stable_salaried,0.07416513181445121
NW000044,3967.351333333333,596.3980045034773,3341.77,6910.43,3341.77,-10.422914433880733,51.46777777777778,10.925640677769218,41.1,30.11,25.1,1.0425555555555555,1.62,sme_distressed,0.15032649099982506
NW000045,1372.3904444444445,695.2843809451764,835.6,4118.69,919.93,-5.181302053751498,35.98,12.34501400511627,39.6,21.893333333333334,25.5,1.0361111111111112,1.54,stretched_salaried,0.5066228665171402
NW000046,4166.600444444444,686.0892604111256,3278.62,6739.02,4364.31,11.66915734452813,60.26555555555555,10.060492997403827,68.3,36.53333333333333,37.9,0.982,1.5,young_professional,0.16466403955913886
NW000047,2252.7714444444446,705.391877722105,1379.85,5018.1,2657.0,11.576691196444004,42.14777777777778,13.215357322582904,17.4,25.477777777777778,9.2,1.0118888888888888,1.53,stretched_salaried,0.3131218124509127
NW000048,2628.700777777778,667.6986366453355,1854.74,5339.73,2991.57,7.8141173807466,46.861111111111114,14.465749509234564,17.9,28.03777777777778,10.0,0.9943333333333333,1.75,freelancer,0.25400328644851966
NW000049,3790.4370000000004,680.7708549681344,2983.19,6678.89,3183.1,-10.83003341976378,49.46333333333333,15.191041490728463,51.1,29.35111111111111,30.4,0.9535555555555555,1.49,freelancer,0.1796022081274888
NW000050,10023.012222222222,597.905069040036,9447.78,11936.4,10149.03,5.568650286043538,77.49777777777778,7.360171861967823,71.8,47.23888888888889,48.7,1.0018888888888888,1.6,stable_salaried,0.059653231561905974
NW000051,1694.4085555555555,746.541044516193,1092.46,4280.27,1120.08,-7.751324772605669,33.58222222222222,12.586577278613593,27.4,19.88111111111111,19.1,0.9974444444444444,1.73,sme_distressed,0.4405909319027372
NW000052,10553.702888888889,895.643866056729,8835.65,13655.53,9811.34,-13.816037700127653,67.64,9.5662069080039,72.9,40.81777777777778,44.4,0.9846666666666667,1.56,near_retiree,0.08486536673300492
NW000053,2068.8795555555557,766.4839147060892,1291.24,4476.72,1309.8,-10.388242334444595,34.50666666666667,12.298513658253468,43.9,20.808888888888887,29.9,1.0010000000000001,1.9,sme_distressed,0.3704826183079882
NW000054,4916.743888888889,619.7050075707812,4206.54,7262.5,5003.27,2.392666831296051,49.092222222222226,12.603648729569427,77.7,28.925555555555558,33.6,0.9798888888888888,1.53,sme_seasonal,0.12603971684822193
NW000055,466.8828888888889,730.4765691698587,-28.76,3213.82,314.03,0.7069223360908733,47.02777777777778,9.695163021707174,54.3,28.67888888888889,44.4,1.04,1.63,young_professional,1.5645820109370108
NW000056,456.0493333333334,777.4599353683258,-385.65,3456.13,806.89,13.225813227970526,19.834444444444443,11.06615612964334,22.8,12.192222222222222,9.1,0.9953333333333333,1.61,sme_distressed,1.7047715642642296
NW000057,7582.074666666666,697.3104494053471,6648.89,10008.4,8067.72,10.652313125077116,74.06222222222223,8.386419972196862,78.4,45.2,49.6,0.9986666666666666,1.65,stable_salaried,0.09196829101023718
NW000058,11165.092222222223,740.1853071106066,10210.85,14356.01,10222.1,-17.15175338519156,78.51555555555555,7.572761821026891,71.2,46.44555555555556,40.8,0.9308888888888889,1.49,stable_salaried,0.06629459859161693
NW000059,9948.834777777778,776.1914374807852,8975.6,13216.95,8975.6,-15.937861546693048,77.71555555555555,8.707041075740472,64.8,46.583333333333336,36.7,1.0016666666666667,1.6,stable_salaried,0.07801832624806734
NW000060,2655.252555555556,682.0324229575201,2207.66,5253.31,2469.6,-2.4547721117833494,42.02,14.344487254926246,49.1,25.783333333333335,26.9,0.9848888888888889,1.6,stretched_salaried,0.25686160118008783
NW000061,2578.9502222222222,652.6081866262751,1923.09,5038.37,2102.82,-5.8648489937029336,43.63444444444444,14.79190608552347,33.7,25.702222222222222,24.4,0.9613333333333333,1.52,gig_worker,0.2530518739768221
NW000062,504.6235555555556,811.5096838267052,-426.75,3528.79,888.94,12.89184969337778,30.954444444444444,9.88874244866252,36.6,18.427777777777777,18.2,1.0355555555555556,1.54,stretched_salaried,1.608148638509927
NW000063,4144.6211111111115,729.8099892629346,3133.94,6321.53,3496.42,-11.707099312672376,50.95111111111112,14.19007601031534,82.0,30.773333333333333,48.4,1.0054444444444444,1.52,sme_seasonal,0.17608605701168262
NW000064,3454.6976666666665,740.6256570274242,2546.22,5878.45,2661.02,-13.52906786846113,45.12777777777778,13.368998414307173,44.7,26.405555555555555,26.0,1.0306666666666666,1.58,gig_worker,0.21438219158032185
NW000065,2230.940222222222,834.8868484350663,1393.77,4937.98,1403.71,-11.707637486109402,39.58111111111111,13.073808575226765,40.5,23.79888888888889,25.0,0.9951111111111112,1.45,stretched_salaried,0.3742309364091531
NW000066,2939.5293333333334,685.0939204353867,2333.33,5309.1,2715.34,0.7351977610404682,45.82111111111111,13.29820038888801,64.3,27.605555555555554,34.5,1.0093333333333334,1.59,freelancer,0.23306245413734716
NW000067,7186.407888888889,675.8854473024765,6641.19,9757.7,6867.61,-2.3444544593982863,74.58111111111111,7.71703055257094,85.4,44.95666666666666,44.8,1.0212222222222223,1.85,stable_salaried,0.09405052673777149
NW000068,3033.090111111111,777.6937409981053,1885.55,5786.29,3516.45,16.33536181421573,48.82111111111111,15.421162275995014,38.6,30.015555555555558,18.1,0.9971111111111111,1.47,sme_seasonal,0.25640311118656905
NW000069,7501.267111111111,759.38153095651,7017.88,10118.62,7287.8,-0.7600469193727483,73.57111111111111,7.336291878520197,64.1,44.025555555555556,30.3,0.9977777777777778,1.79,stable_salaried,0.10123376753664595
NW000070,1982.3434444444445,858.039052187611,1011.6,5243.83,1011.6,-15.039694530188918,33.95666666666666,12.561972667673288,16.8,21.412222222222223,13.7,0.9964444444444445,1.7,sme_distressed,0.43284076459721543
NW000071,17995.809555555556,758.4267014095936,17046.76,20994.1,17429.91,-3.853094949993846,73.73111111111112,9.65755970345086,71.8,44.327777777777776,40.9,1.0036666666666667,1.75,near_retiree,0.042144628118464214
NW000072,9725.357555555554,725.3847078066925,8849.57,11967.55,9833.26,9.23391710910813,75.33,7.917388770536675,66.2,45.39222222222222,35.2,1.0033333333333334,1.74,stable_salaried,0.07458694486685692
NW000073,7573.828888888888,818.1214188319246,6829.64,10812.31,6829.64,-8.792562044696943,75.46,7.7412045051794935,84.0,45.284444444444446,42.4,1.0274444444444444,1.59,stable_salaried,0.10801952761728506
NW000074,6742.056888888889,680.0710046597902,5908.72,9335.5,6736.93,7.765649421739303,51.544444444444444,13.084042181231675,66.1,30.94777777777778,34.4,1.0156666666666667,1.56,sme_seasonal,0.10086995940075313
NW000075,16467.733,794.2021096255011,15184.94,19180.99,16811.58,9.392774334280006,71.83,8.13668968937145,69.4,43.52111111111111,44.5,1.0166666666666666,1.48,near_retiree,0.048227774255600396
NW000076,16041.572555555556,814.7206655079733,14619.1,19174.02,16092.93,10.236605918426118,72.83,8.87148506119529,61.2,42.75333333333334,38.7,0.9665555555555555,1.48,near_retiree,0.05078807970268583
NW000077,7259.889666666666,782.6094982373698,6230.9,9988.91,6397.36,-9.256598510104125,68.33,8.223349190573899,70.2,41.14555555555555,40.9,1.006888888888889,1.61,near_retiree,0.10779908981684294
NW000078,10254.82288888889,639.3448436621688,9668.32,12950.92,9759.01,-6.390424990739591,77.25999999999999,7.6068833405872205,78.3,46.635555555555555,55.2,0.9528888888888889,1.5,stable_salaried,0.06234577140819268
NW000079,1370.4154444444443,691.981019263236,546.73,3598.77,1721.44,8.73593554759846,37.61666666666667,14.255692732410406,30.2,21.995555555555555,21.6,0.979,1.51,gig_worker,0.5049425136504936
NW000080,9156.91211111111,772.0152663558563,8193.65,12014.08,8193.65,-14.642438737292727,77.77444444444444,7.136888837032549,76.6,45.76777777777778,44.4,1.0382222222222222,1.51,stable_salaried,0.08430956385603869
NW000081,5701.085111111111,641.2406299137904,5087.78,8260.65,5633.47,-4.635712227847083,52.69555555555556,14.3651021507071,41.0,31.7,25.7,0.9947777777777778,1.58,sme_seasonal,0.11247694384776796
NW000082,2578.139888888889,757.6764880270315,1842.48,5229.31,1842.48,-8.592578919208144,52.14333333333333,10.004460241267449,49.3,32.03,33.8,1.0381111111111112,1.71,young_professional,0.2938849405699123
NW000083,2650.555888888889,718.3854437367145,2111.03,5296.33,2640.68,1.0661830678684472,44.36666666666667,10.783747654834384,53.5,26.46222222222222,36.0,0.9728888888888889,1.52,stretched_salaried,0.2710319924768163
NW000084,10182.614666666666,763.4133452074954,9442.34,12713.99,9491.42,-8.769929127052782,76.28777777777778,8.226305132308047,82.5,45.715555555555554,51.8,1.0050000000000001,1.66,stable_salaried,0.07497223161223705
NW000085,2697.142555555555,724.8816526413763,1924.51,5762.5,2905.87,9.149696258797388,43.413333333333334,12.7647794930276,54.5,25.74,34.8,0.9797777777777779,1.49,stretched_salaried,0.2687591173659954
NW000086,939.5511111111111,715.8553517193739,207.89,3443.91,983.32,7.913188953368724,31.034444444444443,12.383126986248387,34.4,19.297777777777778,19.1,0.9878888888888888,1.73,stretched_salaried,0.7619120910546365
NW000087,20220.72911111111,730.6017658554559,19248.37,23023.96,20483.38,5.9433844507552,75.78555555555555,9.777738544070646,80.3,46.25666666666667,47.0,1.0044444444444445,1.6,near_retiree,0.03613132651354282
NW000088,2470.628111111111,748.2667794112934,2032.43,4943.88,2220.21,-0.2516971642589856,54.29555555555556,10.694090682736276,55.3,33.16111111111111,28.7,1.0026666666666666,1.52,young_professional,0.30286499859939536
NW000089,2983.812777777778,854.8686892885391,1883.51,5864.14,3149.1,12.342461126888093,48.18444444444445,14.536137928200375,52.4,29.68888888888889,39.3,0.9871111111111112,1.55,sme_seasonal,0.28650212092905186
NW000090,4049.6444444444446,625.3892949018064,3117.01,6672.94,3210.85,-9.679850187265915,49.964444444444446,15.477989527075202,37.3,30.385555555555552,30.7,0.9795555555555555,1.55,freelancer,0.15443066755150678
NW000091,8768.456555555555,666.5857744669552,7998.37,11759.94,9064.52,12.027230275342582,74.65111111111112,8.277806315881396,55.1,44.215555555555554,25.5,0.9845555555555555,1.5,stable_salaried,0.07602087895897905
NW000092,15446.69788888889,828.0869443353408,14159.25,18518.65,16274.18,14.01543458040076,73.47666666666666,10.275814847812159,75.4,43.28888888888889,43.2,1.0,1.69,near_retiree,0.05360931833404989
NW000093,13738.013222222222,753.1378578415904,12736.25,16709.4,13753.05,8.429212577684412,71.59333333333333,8.790045442226365,56.7,42.97,35.1,0.9925555555555555,1.6,near_retiree,0.054821453849188025
NW000094,3715.820888888889,738.4918200723743,3128.39,6307.26,3399.92,0.4825693707041832,46.83888888888889,14.068322008854468,58.5,28.27777777777778,39.5,1.0054444444444444,1.56,freelancer,0.19874257725409347
NW000095,15505.726111111113,695.0850631732098,14503.49,18423.23,14897.27,-3.745547269210286,73.43777777777777,8.925944733655067,73.0,43.95,38.2,1.0479999999999998,1.71,near_retiree,0.04482763710595435
NW000096,5558.021,691.9840287499828,4598.26,8099.07,6215.1,13.022794336749389,55.675555555555555,13.926954796817903,82.3,33.28777777777778,56.4,0.9782222222222223,1.68,freelancer,0.12450187373347148
NW000097,6327.587777777778,839.4603733254888,5355.12,9351.83,6666.98,13.401921224842567,54.9,15.190616559596062,39.1,33.32333333333333,28.8,0.9482222222222223,1.49,freelancer,0.13266672906121324
NW000098,1926.409888888889,717.8809694854891,1190.94,4296.49,2087.25,7.455617154381181,40.364444444444445,14.225837477459145,32.2,24.59,16.3,0.9623333333333334,1.55,gig_worker,0.372652244792798
NW000099,9101.21611111111,710.4391537375728,8455.32,11909.47,8455.32,-5.832086018850053,76.80666666666667,8.144658413595826,61.6,46.15888888888889,39.9,0.9908888888888889,1.46,stable_salaried,0.07805980487269626
NW000100,5555.903444444444,546.3913020495644,5094.63,7850.8,5569.76,1.6362974029715394,72.25555555555556,7.169569136147755,68.0,42.12444444444444,33.1,0.9770000000000001,1.55,stable_salaried,0.09834427605035533
NW000101,9466.922777777778,791.1748276449001,8462.81,12365.25,9853.82,13.170653907889854,76.81555555555555,7.9255653909700206,86.0,45.88333333333333,45.5,1.0014444444444444,1.67,stable_salaried,0.08357254476629594
NW000102,4316.568888888889,667.1665130099816,3807.4,7033.33,4007.38,-0.3588010042392237,59.062222222222225,10.690545836726066,40.9,34.91222222222222,19.7,1.045777777777778,1.75,young_professional,0.15455944992035428
NW000103,3092.712666666667,704.6529940584269,2509.74,5904.98,3112.31,2.993956620158855,45.06444444444445,11.633903487739937,60.3,27.92222222222222,41.2,1.0125555555555554,1.59,stretched_salaried,0.22784302003001902
NW000104,4145.048444444445,754.8620524797611,3277.02,6792.14,3580.73,-7.894270897641682,50.105555555555554,14.824337422797983,33.1,30.689999999999998,14.0,1.0015555555555555,1.66,freelancer,0.18211175637560836
NW000105,2744.0015555555556,836.946204109221,2191.46,5648.71,2195.03,-6.579401901469322,41.474444444444444,11.700615187044901,54.4,25.69111111111111,28.1,0.9126666666666666,1.43,sme_distressed,0.30500937669467587
NW000106,2644.484222222222,611.8069741476314,2108.14,4827.21,2537.36,3.750532658352885,43.53777777777778,11.652694897620412,52.5,26.385555555555552,25.9,1.028,1.53,stretched_salaried,0.2313520984570351
NW000107,3019.1628888888886,749.1717553093935,2218.35,5680.79,2943.2,8.992214512079679,44.282222222222224,14.787145782722932,36.0,26.55111111111111,23.9,1.0435555555555556,1.51,gig_worker,0.24813889905261238
NW000108,17996.394,808.2092226364451,16838.31,21057.47,18199.81,9.595352018767759,72.57555555555555,8.689685363139567,86.2,43.56333333333333,54.2,1.024,1.7,near_retiree,0.044909509240375886
NW000109,1779.2432222222224,843.0529947579805,851.17,4533.64,958.91,-14.284649380581971,35.46666666666667,13.522208117003322,35.6,20.513333333333335,19.4,0.9968888888888888,1.68,stretched_salaried,0.47382672825642813
NW000110,8555.154444444444,708.1306625162885,7757.33,11380.44,8730.26,8.948437584886983,74.79888888888888,7.2513074287136545,72.0,44.45444444444445,31.7,1.015111111111111,1.52,stable_salaried,0.08277239962349658
NW000111,2024.0163333333333,786.840319712079,1014.86,4478.39,1224.79,-15.391871836029136,38.26888888888889,13.794231365910887,24.9,22.446666666666665,3.1,0.9992222222222223,1.69,stretched_salaried,0.38875196151023106
NW000112,9591.745888888889,747.785322642343,9023.74,12435.74,9585.05,5.253308885870633,75.63,9.401965488991106,68.2,45.35444444444445,39.7,0.9868888888888888,1.55,stable_salaried,0.07796133585112801
NW000113,1910.3465555555556,766.5267049536525,1135.71,4578.71,2255.14,10.58464460633,34.443333333333335,12.299356427851247,32.2,20.86111111111111,23.6,0.9881111111111112,1.66,sme_distressed,0.4012500782774127
NW000114,8074.711777777777,880.3024545742159,6689.08,10962.32,7322.11,-17.388980532576124,55.39222222222222,14.33696587538173,20.9,32.23555555555556,14.1,0.9942222222222222,1.59,sme_seasonal,0.10901967510430223
NW000115,3219.9607777777774,701.1200544573728,2483.11,5960.96,2608.42,-9.159121784582457,55.56555555555555,9.713550839554461,52.7,34.37555555555556,30.8,0.963,1.6,young_professional,0.21774179961944864
NW000116,5701.580111111111,654.9872641861481,4583.25,8002.43,4742.3,-3.4247177017739325,51.346666666666664,12.342592738384344,38.6,31.065555555555555,12.4,0.9923333333333334,1.58,sme_seasonal,0.11487820067804075
NW000117,980.3648888888888,662.5273551414022,221.96,3333.84,879.68,2.569335144256491,40.51888888888889,12.317137913980261,33.9,24.60222222222222,22.3,1.017,1.58,sme_seasonal,0.6757966984030686
NW000118,10006.428555555554,791.5105012421133,9486.42,12742.05,9767.91,-1.3077465530724046,78.28444444444445,6.787064880188648,78.9,47.271111111111104,47.6,0.997,1.52,stable_salaried,0.07910020012111792
NW000119,9178.623555555556,749.0016774321704,8405.65,11900.77,8783.56,-3.5832952216323477,57.925555555555555,11.785275150035629,47.8,35.455555555555556,22.6,1.0114444444444444,1.6,sme_seasonal,0.08160283215655154
NW000120,4549.585222222222,719.0644806207575,3950.28,7277.29,4708.53,5.539637074535927,49.75666666666667,14.128289017492449,45.9,28.931111111111115,22.6,1.044111111111111,1.67,freelancer,0.15805055746807928
NW000121,6194.435888888888,785.5043920787737,5194.15,8949.23,6467.11,9.335240811622784,51.11777777777778,13.678898518125045,50.7,31.846666666666664,43.3,0.9937777777777778,1.7,sme_seasonal,0.1268080590660002
NW000122,4578.439222222222,720.7527031790016,3678.68,7377.0,4945.05,9.760124542124537,49.70111111111112,12.766410408044099,37.5,30.25222222222222,22.9,1.0437777777777777,1.61,sme_seasonal,0.15742323272103462
NW000123,2123.7854444444447,835.914789944258,1237.47,4906.28,1264.25,-10.40029427501338,39.833333333333336,12.939982460089187,15.1,23.47555555555556,9.8,1.0248888888888887,1.54,stretched_salaried,0.39359662819561453
NW000124,7595.2444444444445,722.2803736094268,6935.22,10240.37,7598.72,3.9896038194015184,71.95,8.550198762391698,75.0,43.60888888888889,46.6,1.0007777777777778,1.6,stable_salaried,0.0950963960268244
NW000125,1632.8624444444445,677.6815894714598,1158.88,4442.88,1212.06,-4.3478011277112465,35.96666666666667,12.659747765384038,30.2,21.383333333333333,13.0,1.009111111111111,1.49,stretched_salaried,0.4150267475237513
NW000126,1583.8705555555557,702.0990855427119,1106.08,4259.88,1358.36,-0.7837987405852578,39.52333333333333,14.303626082260527,22.6,22.51888888888889,18.7,0.9817777777777777,1.56,gig_worker,0.44328059706649753
NW000127,3602.4345555555556,626.0612582371876,2880.3,5842.25,3054.33,-1.6089134461044674,47.63777777777777,12.022129200431186,44.2,28.988888888888887,32.5,0.9435555555555556,1.79,sme_seasonal,0.17378837799334804
NW000128,3253.2461111111115,832.0491030652415,2243.78,6260.27,3252.03,6.318090216899201,46.30111111111111,15.183488181518179,46.6,26.796666666666663,31.7,1.011111111111111,1.6,sme_seasonal,0.2557596550176353
NW000129,8307.073666666667,758.2726566695502,7356.09,10986.66,7489.25,-11.38191900234601,74.50111111111111,8.536669013888503,68.9,44.22222222222222,36.8,0.9813333333333333,1.52,stable_salaried,0.09128035781267099
NW000130,2993.6837777777773,630.5505391529036,2368.03,5287.35,3145.54,5.803756183891003,45.21666666666667,14.872146124116677,68.5,27.643333333333334,32.2,1.0302222222222222,1.58,freelancer,0.21062696863092323
NW000131,3129.539777777778,763.5461131567653,2056.6,5709.78,3461.03,13.239878503518941,46.89555555555556,12.960735094209442,24.5,28.574444444444442,15.4,1.083222222222222,1.63,gig_worker,0.24398031895250225
NW000132,2300.9994444444446,689.6601063565209,1792.86,4940.39,2043.14,-5.368499403218507,38.632222222222225,13.300543435529223,16.8,23.49777777777778,10.3,1.0162222222222221,1.57,stretched_salaried,0.2997219786478623
NW000133,10601.702666666666,642.022907911156,10045.68,13192.59,10385.84,-4.195870436679442,78.06222222222223,8.52254877972966,86.1,46.516666666666666,49.8,1.0018888888888888,1.67,stable_salaried,0.06055847141702736
NW000134,1991.1272222222224,578.0969066056562,1415.43,4233.16,1487.58,-6.979239329958442,39.422222222222224,12.607049729076612,39.1,23.133333333333333,29.0,1.013111111111111,1.5,stretched_salaried,0.29033649892067864
NW000135,2499.267,752.6640797433093,1586.95,5354.95,2894.48,13.62698448368109,38.14555555555555,10.890426278128457,37.1,23.674444444444443,23.1,0.9817777777777777,1.65,sme_distressed,0.3011539302296671
NW000136,950.6343333333333,762.3139420154425,14.29,3531.65,14.29,-13.806801745071414,33.22333333333333,12.067255815691832,37.2,20.55,23.3,0.9872222222222221,1.67,stretched_salaried,0.8019002841423175
NW000137,700.3633333333333,736.7047994224923,37.98,3246.64,163.24,-7.967365518376754,40.02,15.624147257629447,30.5,23.853333333333335,17.4,1.0163333333333333,1.71,freelancer,1.0518894470334337
NW000138,16563.687222222223,773.2268707904686,15262.61,19568.27,15308.45,-15.312242746018153,73.19666666666666,9.398427432408427,74.4,44.00888888888889,44.6,0.9631111111111111,1.74,near_retiree,0.04668204974029513
NW000139,3554.286444444445,674.7047188869659,2793.7,5955.94,3724.72,6.7927311190681765,49.43666666666667,13.33575450863605,57.1,30.207777777777775,37.9,0.9746666666666667,1.42,gig_worker,0.18982845908257293
NW000140,2059.0424444444443,816.6663963247739,1127.86,4940.77,2295.48,11.815162365724154,35.49333333333333,11.11403404749998,36.1,20.337777777777777,15.9,1.0097777777777777,1.67,sme_distressed,0.3966243622263556
NW000141,1071.918111111111,688.2801690615229,205.48,3125.11,1497.37,11.787850434209982,26.261111111111113,11.66114931067871,27.8,15.858888888888888,18.0,1.0125555555555554,1.45,sme_distressed,0.6421014459286231
NW000142,1338.0933333333332,826.8991606619095,344.22,4309.66,1671.14,12.993071901880889,33.95222222222222,14.049528983889942,44.4,19.66111111111111,35.5,1.0233333333333332,1.56,stretched_salaried,0.6179682239369771
NW000143,1077.3946666666668,721.7209691218015,464.22,3632.99,537.95,-2.4945412190805425,42.22888888888889,17.44605325087767,48.0,24.973333333333333,32.6,0.9904444444444445,1.75,freelancer,0.669876129380445
NW000144,1406.0915555555557,662.6523565814479,820.6,4170.85,1011.76,-8.43141704737211,36.75333333333334,13.644138553017283,26.2,22.636666666666667,20.3,1.0198888888888888,1.56,stretched_salaried,0.4712725526038948
NW000145,1691.1252222222222,673.2991522618063,1094.26,4149.75,1182.76,-6.598909412684703,37.97222222222222,12.459408500197009,27.5,23.220000000000002,9.8,1.0107777777777778,1.76,stretched_salaried,0.3981367810108455
NW000146,8401.803333333333,656.7096072170968,7688.69,11188.78,7877.85,-11.514347285673153,75.28222222222222,7.876926591909567,61.2,45.728888888888896,34.3,1.0505555555555555,1.79,stable_salaried,0.07816293492751321
NW000147,3227.954888888889,679.5220026883808,2481.61,5539.07,3454.88,6.819298678849231,55.33222222222222,10.417442458002485,57.0,32.44111111111111,32.5,0.9514444444444444,1.55,young_professional,0.21051161682196945
NW000148,2302.2635555555557,635.1404087734293,1352.62,4901.95,2511.37,9.368202494135069,43.94444444444444,14.945414622124611,40.9,27.254444444444445,21.2,0.9635555555555555,1.51,freelancer,0.2758764986922466
NW000149,8379.974666666667,712.2671303585566,7543.99,10731.07,8602.96,9.145470963493434,72.88555555555556,7.9260849554870445,84.7,42.56777777777778,47.1,1.0353333333333334,1.86,stable_salaried,0.08499633455835705
NW000150,2099.4191111111113,753.3441705028732,1296.65,4634.77,2235.23,9.95883722270238,38.82333333333333,13.266846826548543,41.3,22.727777777777778,27.8,1.02,1.57,stretched_salaried,0.35883457786766937
NW000151,1129.6153333333334,716.4479053804574,682.3,3620.51,865.95,-1.3889551796518107,26.985555555555553,11.296758619438926,34.8,15.5,15.4,0.9923333333333334,1.46,sme_distressed,0.6342405987588023
NW000152,2453.525888888889,795.6788906730429,1484.86,5434.28,2820.06,12.512430752767818,39.91888888888889,13.27787628920982,43.1,25.072222222222223,34.3,0.9803333333333334,1.56,stretched_salaried,0.3243001813334753
NW000153,9429.187555555556,778.4025803930106,8597.29,12497.7,8597.29,-13.282881343375777,75.62555555555556,7.895035577281575,82.0,44.09111111111111,52.3,0.9675555555555555,1.77,stable_salaried,0.0825524548967515
NW000154,3481.8871111111116,802.3849362030004,2479.61,6775.08,3664.12,12.143198254928576,50.040000000000006,14.819981955742708,30.4,30.49111111111111,20.8,0.9734444444444444,1.5,freelancer,0.2304454195664459
NW000155,833.5269999999999,830.2581829165476,182.9,3625.6,836.9,7.823139729184669,23.735555555555553,12.729028234718065,27.2,14.365555555555556,17.6,1.014111111111111,1.49,sme_distressed,0.996078330895757
NW000156,3791.482888888889,735.252594395011,2983.24,6806.33,3058.99,-10.399763427583679,48.78777777777778,12.572368737847274,36.7,29.903333333333336,18.8,1.006888888888889,1.7,stretched_salaried,0.1939221713355747
NW000157,1788.656111111111,623.6708665070465,1249.82,4261.61,1818.28,4.747939992591672,48.16,9.653488628295431,54.8,28.893333333333334,35.4,0.9563333333333333,1.63,young_professional,0.3486812599877698
NW000158,12500.238,756.238324186885,11254.97,15238.57,11914.99,7.968762069391356,69.77,8.49404880893319,59.3,41.60777777777778,44.4,1.022,1.59,near_retiree,0.06049791405466721
NW000159,488.444,790.3828538586271,-26.76,3187.81,101.37,0.07976951887064317,32.355555555555554,12.848399638997682,43.1,19.515555555555558,18.9,1.018,1.73,stretched_salaried,1.6181647309796559
NW000160,18611.69422222222,968.305767884842,17352.77,21443.94,18173.0,9.650339054204238,75.31555555555555,9.232367477437839,73.3,45.94555555555556,43.5,1.0173333333333334,1.75,near_retiree,0.05202673955005624
NW000161,2876.6682222222225,650.0170006377929,2372.25,5740.79,2730.44,-3.3880768819195866,45.63222222222222,14.954010606138054,13.6,27.421111111111113,1.8,1.0202222222222221,1.8,gig_worker,0.22596175520569958
NW000162,3853.956888888889,666.5447650529,3163.06,6158.83,4073.96,7.458377083590564,59.15888888888889,10.229566032998207,54.4,36.35222222222222,44.2,0.9686666666666668,1.53,young_professional,0.1729507579533583
NW000163,1950.8085555555554,716.2044621232862,1156.51,4789.54,1168.36,-12.43207531794049,50.898888888888884,9.021266938658163,69.8,31.09888888888889,44.2,0.9937777777777778,1.46,young_professional,0.3671321104696119
NW000164,3653.098,682.5547262829815,2949.51,6322.98,3756.1,3.2069904926533934,48.48555555555556,15.230215098122587,37.1,29.064444444444447,18.6,0.9333333333333333,1.45,freelancer,0.18684270892348948
NW000165,7329.047777777779,832.1157152822713,6312.15,10338.91,6399.41,-16.202889245585876,73.56,8.153937492353831,72.0,44.20888888888889,52.0,1.0266666666666668,1.6,stable_salaried,0.113536674955962
NW000166,2511.6657777777777,755.0760960252379,1573.12,5527.9,2956.61,10.866305634440454,47.846666666666664,13.25752870695479,52.7,28.75222222222222,22.3,1.0246666666666666,1.66,sme_seasonal,0.3006276164232724
NW000167,1941.560888888889,820.8410775069656,1048.54,4817.47,1234.76,-14.89050253117669,38.34777777777778,12.938673219042341,21.9,22.474444444444444,11.3,0.9764444444444444,1.57,stretched_salaried,0.42277380132884435
NW000168,8796.542333333335,680.4014247503895,8304.04,11486.72,8304.04,-4.413710910812059,76.55555555555556,8.652324635495509,87.2,46.28666666666667,64.8,1.014111111111111,1.52,stable_salaried,0.07734873532889147
NW000169,8363.505111111112,747.5902111695317,7698.7,10984.72,7728.54,-7.120282174754111,75.24222222222222,7.741439313634879,61.3,45.42666666666667,40.4,0.9633333333333334,1.6,stable_salaried,0.08938718889241075
NW000170,2320.873666666667,776.652028927348,1449.94,4876.77,2574.9,10.095568424085261,51.68555555555555,10.452832110298738,60.0,31.618888888888886,45.8,0.9878888888888888,1.87,young_professional,0.3346377875202519
NW000171,2494.740888888889,772.166566577946,1527.41,4847.74,2694.65,12.017156850639974,54.05888888888889,10.336907742304216,54.5,32.85111111111111,35.8,1.027,1.71,young_professional,0.3095177419094031
NW000172,9111.130333333333,608.0854207558697,8592.34,11309.06,9047.47,0.055730584022632375,76.10666666666667,7.8533153379800575,75.3,45.605555555555554,51.7,1.032,1.7,stable_salaried,0.06674094195877889
NW000173,5320.84,661.0339770678979,4781.76,7978.77,5341.32,4.399072971971811,54.0,14.700271341988552,20.0,32.025555555555556,14.9,0.9931111111111111,1.47,freelancer,0.12423489093223963
NW000174,3715.791444444444,707.6480512367982,3184.2,6363.16,3601.24,1.3513323455570623,50.218888888888884,12.277803983680178,57.2,30.22222222222222,44.7,1.0061111111111112,1.55,stretched_salaried,0.190443425530466
NW000175,3794.7843333333335,775.0155334667296,3009.27,6494.12,3009.27,-11.387662921348303,56.432222222222215,10.552903937926095,36.6,33.56,20.1,1.0267777777777778,1.43,young_professional,0.2042317732417634
NW000176,10949.028,802.4936577119253,10399.16,13526.72,10549.55,-3.658970572498697,77.25777777777778,8.143888282298377,79.8,46.54111111111111,47.5,1.0464444444444443,1.59,stable_salaried,0.0732935980903442
NW000177,4155.440333333333,648.4530022030735,3709.17,6738.28,3820.72,-2.1721508828250564,60.72222222222222,9.016935100229336,53.1,35.94888888888889,26.0,0.9857777777777778,1.54,young_professional,0.15604916692015397
NW000178,3361.1829999999995,759.655923426203,2582.5,6092.72,2582.5,-10.297723587274175,43.69777777777778,14.833760293480694,33.6,27.028888888888886,26.8,1.0087777777777778,1.47,gig_worker,0.226008498622718
NW000179,1358.8432222222223,735.093269619619,670.8,4005.9,1545.76,8.302921595258669,29.084444444444443,11.284203049038736,31.0,18.344444444444445,19.9,0.9745555555555555,1.71,sme_distressed,0.5409698908586847
NW000180,9637.31388888889,687.5366368545688,9202.0,12190.09,9253.18,-3.9927741696506045,76.39777777777778,7.355712872330919,90.6,45.92444444444444,51.1,0.9705555555555555,1.38,stable_salaried,0.0713411065345965
NW000181,2174.7078888888886,611.8673521288016,1589.9,4905.6,2390.3,7.272130304152772,40.71111111111111,11.694812491057684,45.3,24.75,28.6,0.9736666666666666,1.61,stretched_salaried,0.2813561100573464
NW000182,7193.078222222222,735.7442236657238,6377.4,10237.7,7422.33,11.832089723011016,72.85444444444444,7.4827315974716235,67.8,43.92444444444444,46.3,0.9905555555555556,1.52,stable_salaried,0.10228503026600254
NW000183,584.1464444444445,721.0801378804183,73.72,3353.07,406.61,2.62083878668148,23.022222222222222,12.217015006964651,29.1,13.753333333333332,15.5,0.969,1.51,sme_distressed,1.2344167198795593
NW000184,493.4412222222222,825.0648764614814,-689.74,3653.77,-524.11,-13.403134131785812,41.23444444444444,14.089115737765795,52.6,25.72222222222222,32.9,0.9426666666666667,1.58,sme_seasonal,1.6720631339752798
NW000185,2328.974777777778,714.0268515412151,1844.09,4981.83,2247.85,0.7829131991603798,43.39,12.379187408666064,55.0,25.696666666666665,36.2,0.978,1.68,stretched_salaried,0.3065841924756752
NW000186,3535.9934444444443,735.4822612732094,2987.8,5972.73,3415.6,2.193995390377417,54.35444444444444,8.980605333706647,53.7,33.376666666666665,31.5,1.0403333333333333,1.88,young_professional,0.2079987626755242
NW000187,3246.3993333333333,809.5237274406712,2138.4,5804.86,3243.77,8.288146355517142,46.76333333333333,16.085924128136988,39.5,27.817777777777778,32.5,1.019888888888889,1.72,sme_seasonal,0.24936048967502392
NW000188,1144.0964444444444,784.3944114121617,354.42,3873.39,904.73,0.22661711322385494,42.97666666666667,15.45585994830352,59.0,25.884444444444444,42.8,0.9762222222222222,1.47,freelancer,0.6856016511729057
NW000189,2901.5456666666664,829.6057775456907,1808.88,5850.72,2032.93,-15.118207103757674,45.50888888888889,13.062250648720054,56.2,27.69777777777778,36.4,0.979,1.46,freelancer,0.2859185664648706
NW000190,1223.7974444444444,731.7263107838858,740.35,4043.68,1032.64,-0.5464148660328544,36.87888888888889,12.837362031200174,33.9,21.528888888888886,25.7,0.987,1.55,stretched_salaried,0.5979145602122584
NW000191,8772.708111111111,667.038149659288,8055.8,11116.31,8253.06,-8.096675885911862,72.88888888888889,7.521989404024523,70.8,43.34111111111111,47.3,1.0173333333333334,1.51,stable_salaried,0.07603560282764316
NW000192,2664.4112222222225,531.8938958202556,2129.5,4432.76,2515.38,0.25206626332466625,44.403333333333336,12.06025555471126,41.4,26.229999999999997,36.6,0.9643333333333334,1.43,sme_seasonal,0.19962905552418272
NW000193,447.9196666666666,758.2290034901035,-522.69,2964.58,825.99,12.751967156439063,22.052222222222223,11.695934449486781,20.4,15.097777777777777,9.5,1.0084444444444445,1.57,sme_distressed,1.692778995690679
NW000194,3588.768888888889,713.2720900133482,2886.04,6413.29,3013.26,-9.6582918055727,55.79777777777778,11.314641779647635,51.8,33.89,32.5,0.9770000000000001,1.58,young_professional,0.19875119075560838
NW000195,4322.152222222222,770.2356873204284,3847.05,6989.45,4073.94,-0.4910196320533567,52.67666666666666,12.889086490585658,47.3,32.23111111111111,31.8,0.9881111111111112,1.51,stretched_salaried,0.1782065155781149
NW000196,1457.4089999999999,641.1433335636782,666.84,3602.24,738.78,-13.114941515413427,37.06777777777778,12.472223770954363,65.4,22.770000000000003,43.3,0.9825555555555556,1.5,stretched_salaried,0.43991997686557327
NW000197,16296.525222222223,848.9397642548588,14900.74,19770.62,16725.02,9.525240729308132,71.48555555555555,8.576824811385242,75.2,43.20111111111111,46.4,0.9878888888888888,1.6,near_retiree,0.052093299195906495
NW000198,10359.229666666668,755.7737042374137,9163.85,13836.52,9575.71,-14.790405317528911,59.39111111111111,11.967903183796613,34.1,36.60666666666667,22.2,1.028,1.55,sme_seasonal,0.07295655454664729
NW000199,403.85966666666667,689.8815395144366,-354.63,3229.97,35.65,3.802897723998844,38.5,15.491541729877609,45.8,22.514444444444443,25.3,0.9935555555555555,1.84,sme_seasonal,1.708220940230319
NW000200,20742.183222222222,789.7595946112398,19444.39,23251.76,20135.33,-7.3617025147137385,75.29666666666667,9.112646478531731,70.6,44.99444444444445,35.6,1.0253333333333334,1.6,near_retiree,0.03807504668867873
NW000201,3334.5265555555557,653.5716711231784,2786.35,5799.19,3137.84,-5.339818660740034,56.9,9.786610894941555,53.5,34.33777777777778,29.1,0.972111111111111,1.58,young_professional,0.19600133939082956
NW000202,7003.072444444445,764.0588307049579,6307.9,9574.03,6437.71,-6.8634603448985905,73.36,7.045116246120308,87.1,44.724444444444444,55.3,0.9884444444444443,1.63,stable_salaried,0.10910337380717626
NW000203,7590.709333333333,785.8100612140114,6946.87,10339.87,7097.73,-8.913487920319385,75.23,8.203965196404738,58.9,44.428888888888885,40.5,1.0286666666666666,1.58,stable_salaried,0.10352261253941811
NW000204,3757.2051111111114,760.4388323209652,2746.57,6943.28,3118.32,-14.371145079639458,46.83222222222222,12.63817853980529,43.2,28.77111111111111,21.5,1.0345555555555555,1.7,sme_seasonal,0.20239481471802906
NW000205,3387.906111111111,716.5304237277041,2712.09,5879.59,3537.23,6.625913898835245,55.58888888888889,9.826671392779598,39.2,33.01,23.4,1.0014444444444444,1.55,young_professional,0.2114965409985072
NW000206,7189.733777777778,719.1136151401599,6651.66,9621.68,6755.79,-0.9912413878256994,72.98111111111112,8.047679467956973,61.5,42.632222222222225,32.3,0.978,1.59,stable_salaried,0.10001950522324145
NW000207,7263.756222222223,693.4341573655697,6476.1,9687.2,7517.94,8.999257686134074,72.7088888888889,8.558321326060375,66.7,43.467777777777776,41.7,0.9828888888888888,1.62,stable_salaried,0.0954649545154236
NW000208,2218.271888888889,676.6401684959553,1666.27,4696.75,1843.42,-5.455374655307247,53.94777777777778,10.876097157908468,49.9,32.98,30.8,0.9748888888888888,1.41,young_professional,0.30503031295901145
NW000209,9100.030888888889,684.9938792979145,8597.42,11864.83,8734.01,-2.900745606453531,75.1711111111111,7.525092771751765,70.1,45.36222222222222,44.6,1.0456666666666667,1.68,stable_salaried,0.07527379716197338
NW000210,9029.018666666667,765.0075918874227,8498.78,11726.74,8893.69,-0.6208048730296073,73.82777777777778,8.824124590095217,81.2,43.827777777777776,46.0,0.9886666666666667,1.63,stable_salaried,0.08472765647408372
NW000211,3603.3256666666666,733.3215129269435,2644.44,6239.38,2825.19,-15.28499230357658,48.73777777777777,17.09727343909508,50.9,29.952222222222222,29.1,0.9995555555555555,1.86,freelancer,0.20351241624111044
NW000212,2974.389111111111,848.758768961528,2044.26,6035.92,2126.69,-14.89659941556572,55.24444444444445,9.844774021306263,61.6,33.306666666666665,33.6,0.9850000000000001,1.68,young_professional,0.2853556603575872
NW000213,3529.815555555556,831.2849132627315,2564.8,6522.08,2629.85,-13.855965098571833,58.42111111111111,11.073305226498585,55.3,35.68222222222222,36.9,0.967,1.58,young_professional,0.2355037820473019
NW000214,3544.142666666667,732.365625451776,2864.05,6318.16,3542.19,6.103690990657288,49.535555555555554,11.910464769949355,72.3,29.48777777777778,54.2,1.029777777777778,1.54,stretched_salaried,0.20664112433729417
NW000215,13759.552222222223,758.8046803217223,12821.83,16795.73,14128.66,8.954612997489356,71.15777777777778,9.824516201917927,71.0,41.617777777777775,34.5,0.961,1.81,near_retiree,0.0551474835857102
NW000216,2870.0244444444447,795.6516130496841,2331.57,5647.8,2458.06,-4.452664444170054,43.855555555555554,14.226673090219652,34.8,25.943333333333335,25.5,1.0393333333333332,1.63,stretched_salaried,0.277228165979506
NW000217,1481.2952222222223,801.307583311441,499.29,4544.34,1925.95,14.598699839486352,37.931111111111115,10.730348062298695,29.8,23.594444444444445,20.9,1.003,1.87,stretched_salaried,0.5409506297531483
NW000218,18148.000666666667,787.7768196965667,17229.28,20866.15,17647.39,4.530814503848174,74.51666666666667,9.91734662321247,81.1,43.99444444444445,49.3,1.0522222222222222,1.62,near_retiree,0.043408463233281416
NW000219,2892.2612222222224,750.2024022976038,2175.99,5853.55,2381.57,-7.69893855208464,54.76777777777778,10.925928626645737,34.0,32.321111111111115,16.2,1.0076666666666667,1.55,young_professional,0.2593826576014451
NW000220,1106.379888888889,760.6723181775188,258.46,3751.62,1149.4,6.959105157015261,42.14111111111111,11.772276463521534,23.3,26.217777777777776,6.4,1.006,1.57,sme_seasonal,0.6875326692185665
NW000221,3582.403333333333,705.058094917709,2759.46,6691.62,3019.49,-13.9379760464255,57.077777777777776,9.62972665529403,59.3,34.30111111111111,33.6,1.0283333333333333,1.61,young_professional,0.1968114780257506
NW000222,6271.832111111111,754.4039116310689,5419.1,9071.4,6642.09,12.874550356010994,58.47222222222222,13.165515286499467,49.8,35.17777777777778,24.0,0.9912222222222223,1.63,freelancer,0.12028445568473924
NW000223,9166.093777777776,648.937286178186,8344.82,11441.67,9471.83,9.984484998147884,76.39,8.52463778926719,79.4,45.41444444444445,56.9,1.024,1.71,stable_salaried,0.07079758312657304
NW000224,3057.640111111111,797.3877866381971,2190.23,6131.41,3425.77,11.964418734823234,45.53666666666667,13.931521529783868,11.2,27.681111111111115,8.8,0.9506666666666667,1.37,gig_worker,0.2607853631107801
NW000225,807.7597777777778,761.1057823642287,270.74,3500.13,599.63,0.6154726921018998,31.92666666666667,12.787685438593043,18.3,19.246666666666666,14.6,1.0033333333333334,1.75,stretched_salaried,0.9422427351583431
NW000226,2011.175777777778,758.3702981637853,1224.36,4798.51,1304.52,-12.566746511915063,40.89888888888889,13.105753899277008,39.8,24.368888888888886,15.2,0.9980000000000001,1.52,stretched_salaried,0.37707807867581644
NW000227,1633.9044444444444,670.1620032602065,908.87,4221.22,1930.43,10.496939869119634,31.26222222222222,13.241461762697645,29.0,18.38888888888889,17.0,0.9711111111111111,1.76,sme_distressed,0.410159850864518
NW000228,3100.830777777778,803.6537362546246,2051.88,5671.99,3464.37,13.369481417458934,46.28333333333333,14.351026663348335,55.5,27.917777777777776,31.4,1.0435555555555556,1.76,gig_worker,0.25917368403785196
NW000229,2272.4543333333336,726.910877075965,1182.92,5112.18,2249.85,12.191710005350442,44.75555555555555,12.185155005041128,50.9,26.625555555555557,23.9,0.9985555555555556,1.69,sme_seasonal,0.3198792012729694
NW000230,3046.915555555556,673.6174908457198,2416.18,5826.67,3229.6,6.68326772852614,55.50888888888889,10.452026785274704,51.3,32.56777777777778,24.3,0.9668888888888888,1.41,young_professional,0.22108177222617398
NW000231,416.35911111111113,716.7458964562276,-455.49,3207.97,-310.84,-6.28873704572581,41.345555555555556,13.600422672803276,33.9,25.42888888888889,22.7,1.0102222222222221,1.6,sme_seasonal,1.7214608191075567
NW000232,2963.9985555555554,765.2147344278799,1990.78,5712.17,2944.95,9.155048195250432,48.23777777777777,15.902127465455386,65.8,29.576666666666668,46.7,1.0053333333333334,1.7,freelancer,0.25816973931839593
NW000233,3139.8732222222225,894.0078039498356,2210.72,6063.83,3336.25,11.133320903815276,54.98,9.84196700902526,65.8,33.66777777777778,32.1,0.9692222222222223,1.62,young_professional,0.2847273570227489
NW000234,5963.370222222222,752.7206886303081,5208.33,8643.42,5226.0,-9.033816191299362,55.233333333333334,15.00887377969551,39.8,32.70111111111111,25.8,1.0173333333333334,1.72,freelancer,0.12622404120162278
NW000235,7826.544333333333,714.4315306073454,7233.25,10515.5,7233.25,-7.276379223772505,72.02111111111111,7.5866751084383965,66.9,44.30222222222222,46.2,1.0172222222222222,1.59,stable_salaried,0.09128313853210722
NW000236,12559.044,683.2562722263366,11542.37,15441.12,13027.34,8.094271556159109,69.11111111111111,8.845927704532055,78.5,40.89888888888889,48.3,1.0046666666666666,1.49,near_retiree,0.054403525636691506
NW000237,2808.566222222222,682.1160883464587,2393.07,5461.13,2699.54,-0.40406963822696507,43.48444444444444,12.003556693055428,51.6,26.042222222222225,31.2,1.025,1.51,stretched_salaried,0.2428698611232132
NW000238,8183.863666666666,797.0627571734364,7221.53,11077.76,8292.76,11.341851010412862,73.72555555555556,6.925779250540404,61.6,44.71111111111111,35.1,1.0327777777777778,1.87,stable_salaried,0.0973944324634729
NW000239,2497.1754444444446,731.3217558304441,1599.49,5429.51,1667.77,-14.178737539613952,51.94222222222223,10.250480698816226,57.5,31.05888888888889,40.4,1.0274444444444444,1.79,young_professional,0.2928595815954549
NW000240,10640.281,722.2444796169726,9846.92,13193.46,10838.86,10.312000740832127,76.89555555555556,8.236380124366448,65.9,45.98111111111111,40.7,1.0042222222222221,1.56,stable_salaried,0.0678783276134317
NW000241,1905.4236666666668,766.9271602704925,1304.37,4716.42,1497.19,-3.9538343828456326,33.75888888888889,12.441773550769968,24.9,20.48777777777778,15.7,0.9992222222222223,1.69,sme_distressed,0.40249692164900464
NW000242,1409.9003333333333,680.0488851388106,812.08,3948.02,830.74,-7.333483063752722,29.072222222222223,11.117655033018812,25.7,17.47222222222222,22.4,1.0177777777777777,1.59,sme_distressed,0.48233826821716996
NW000243,2790.305111111111,684.6357717322262,2187.89,5234.66,2248.48,-6.266409350948695,41.84777777777778,9.886436376153206,40.3,25.59888888888889,28.6,0.9696666666666667,1.58,sme_distressed,0.24536233295992546
NW000244,467.86033333333336,736.0215208404826,-169.63,3238.75,616.43,7.461289459604062,33.89888888888889,14.267520232437775,38.7,20.28,16.7,1.0341111111111112,1.55,gig_worker,1.5731650417905683
NW000245,9347.731555555556,634.9184941673655,8876.32,11924.78,9046.46,-3.899848870230967,75.56444444444445,7.169431223598744,84.5,46.01444444444444,60.8,0.9958888888888888,1.42,stable_salaried,0.06792220020375102
NW000246,1376.0693333333334,650.3014891516158,600.75,3688.03,600.75,-10.283883442400302,29.083333333333332,10.376282917837736,28.8,17.657777777777778,16.9,0.9986666666666666,1.75,sme_distressed,0.47257901429745
NW000247,2451.5112222222224,686.5715351942134,1606.21,4833.54,2663.85,11.369377865580107,41.98444444444444,14.596397209093858,49.0,25.56222222222222,26.5,1.0052222222222222,1.6,gig_worker,0.2800605312228009
NW000248,3060.086,791.6702585222992,2580.36,5700.56,2987.79,3.5707539202370477,43.382222222222225,11.92660681260274,33.6,26.54888888888889,18.1,0.9942222222222222,1.83,sme_distressed,0.2587084998664414
NW000249,759.3055555555555,713.2737073634356,-58.1,3395.1,111.08,-12.292496851463142,25.943333333333335,12.077726272362375,42.8,15.486666666666666,30.3,1.0065555555555556,1.55,sme_distressed,0.9393763843088964
NW000250,4057.8564444444446,843.0942191077065,2865.25,7004.12,4076.79,10.656633823105723,47.65888888888889,11.912064457953413,66.7,27.866666666666667,50.9,0.98,1.67,sme_seasonal,0.2077683699880451
NW000251,3209.038444444445,710.7661706095375,2651.0,5889.36,2747.54,-5.337654689879418,45.379999999999995,12.611009992609944,40.6,26.925555555555558,17.7,1.0474444444444444,1.75,stretched_salaried,0.2214888300388021
NW000252,1914.1415555555554,670.2817648058619,1100.29,4455.11,2245.01,10.474544182409343,42.12111111111111,13.125089572252469,67.0,25.029999999999998,42.3,1.0074444444444444,1.5,gig_worker,0.35017356102031916
NW000253,2827.0822222222223,723.2190335254136,2075.96,5527.26,2326.22,-11.080707083179,44.73777777777778,12.871356386603601,46.8,26.52111111111111,23.6,0.984111111111111,1.83,sme_seasonal,0.255818181671748
NW000254,3072.728777777778,763.200142884217,2112.51,5831.36,2183.35,-14.385134214100502,44.23888888888889,11.026369765803915,44.0,26.493333333333336,22.8,0.958,1.43,stretched_salaried,0.24837862306746433
NW000255,8880.922,673.4614965232422,8170.12,11556.57,9048.23,6.758006008972286,75.54333333333332,8.21843706949007,75.0,45.50555555555555,44.8,1.033111111111111,1.66,stable_salaried,0.0758323850297573
NW000256,5609.129222222222,680.7866659104086,4750.72,8053.96,5541.89,6.604960694735947,54.58222222222222,15.552965523631691,43.6,32.56333333333333,21.6,1.014888888888889,1.71,freelancer,0.12137118596114191
NW000257,1511.1834444444446,712.9522160787486,657.54,4035.11,1729.72,10.737271021113719,29.85222222222222,11.101019568295536,22.0,18.78,14.7,0.9648888888888889,1.67,sme_distressed,0.47178403039007005
NW000258,3607.255222222222,698.1712434755835,3152.29,6097.82,3290.52,-0.2862159937441025,57.38111111111111,10.848319855875415,35.8,34.21222222222222,11.7,0.9690000000000001,1.55,young_professional,0.19354639482522684
NW000259,3353.9235555555556,698.4630399031951,2676.08,6287.56,2694.51,-9.851039222949325,55.61666666666667,10.048626156865893,70.4,33.79888888888889,34.9,1.0325555555555557,1.68,young_professional,0.20825252225747262
NW000260,6407.587222222222,767.0658357854797,5555.77,9179.58,6690.78,9.773220479894606,73.29777777777778,8.067036237548933,66.7,43.614444444444445,38.7,0.9487777777777778,1.52,stable_salaried,0.11971211771026861
NW000261,3768.5346666666665,770.1440393807562,3157.87,6317.88,3746.27,3.8623191340494656,56.08,10.954073686856347,58.0,34.135555555555555,35.4,0.9608888888888889,1.74,young_professional,0.20436167038419786
NW000262,665.7076666666667,699.4731333068412,182.6,3140.54,182.6,-4.31961534345804,22.23777777777778,12.159146719191542,0.0,13.465555555555557,0.1,0.9930000000000001,1.89,sme_distressed,1.0507211623523056
NW000263,8367.990555555556,841.4076827199386,7484.73,10956.38,7506.98,-12.677316788080853,74.34222222222222,7.8932338793208165,74.9,44.82333333333333,41.4,1.0018888888888888,1.59,stable_salaried,0.10055074478559531
NW000264,5833.421555555555,716.7198583997233,5129.29,8428.29,5510.04,-2.72883022595384,55.885555555555555,13.56407649035513,68.3,33.27,48.3,1.0098888888888888,1.5,freelancer,0.12286440326212039
NW000265,7328.356222222222,745.5205920268935,6665.86,10015.46,7296.79,0.35011285343866777,53.82555555555556,12.475229939662064,60.3,31.64777777777778,35.4,0.973111111111111,1.61,sme_seasonal,0.10173094339576533
NW000266,8329.387222222222,791.0255814895306,7147.41,11115.94,7759.78,-7.370966868337731,67.24666666666667,8.782224130262065,71.1,39.965555555555554,56.1,0.9933333333333334,1.81,near_retiree,0.0949680403114325
NW000267,1538.4295555555557,670.2702177395057,829.11,4324.61,1515.27,7.702132279705311,49.90222222222222,9.550657107551157,40.6,29.35111111111111,20.1,0.9835555555555555,1.54,young_professional,0.4356846989314754
NW000268,19149.038333333334,838.7716257614954,17726.4,22254.56,19691.12,14.43224834341688,74.27777777777777,9.29497602341744,73.2,44.629999999999995,46.8,0.9862222222222223,1.42,near_retiree,0.04380228454091187
NW000269,3704.9883333333337,784.1829712054781,2902.36,6185.94,3871.8,9.957146561303857,50.25555555555555,15.573061667118964,46.2,29.55888888888889,23.6,1.002,1.53,gig_worker,0.21165598934557456
NW000270,546.629,761.0738614793433,60.68,3227.55,408.05,2.1405542248014133,33.77,12.688634656187494,28.1,19.70777777777778,23.5,0.9867777777777778,1.57,stretched_salaried,1.3923042163502912
NW000271,4435.206666666666,776.756583993678,3665.92,7205.4,4307.04,1.0547076593817897,49.36333333333333,12.183544345098793,61.5,29.05222222222222,37.8,1.022888888888889,1.61,sme_seasonal,0.1751342479329061
NW000272,4001.5606666666667,649.8393396535391,3197.03,6128.1,4243.0,7.492519405687926,47.97555555555556,14.14844503395696,50.1,28.233333333333334,32.4,0.9805555555555555,1.4,sme_seasonal,0.16239647322274903
NW000273,3593.816333333333,721.3221368025943,2433.73,6399.99,3705.24,10.060659752232764,46.35222222222222,13.265272968030269,35.4,28.13666666666667,24.1,0.9810000000000001,1.64,sme_seasonal,0.20071202028667787
NW000274,569.9442222222222,697.6662176543522,-29.51,3454.05,636.37,5.858702391241715,23.344444444444445,11.707638062979775,6.7,14.59,1.5,1.0043333333333333,1.5,sme_distressed,1.224095605240351
NW000275,4603.171444444444,725.5895353474683,3775.42,7314.34,4142.84,-5.0412163641601975,52.23111111111111,16.11087039296686,59.8,32.31222222222222,33.2,0.9352222222222223,1.64,freelancer,0.1576281796375802
NW000276,2747.3406666666665,710.9374121630074,2103.24,5358.99,2464.31,-2.703723916532925,45.15,14.649364368616622,35.3,26.779999999999998,22.2,1.0112222222222222,1.89,freelancer,0.25877293660330225
NW000277,5824.28,773.1986555220616,4810.32,8509.15,5101.36,-12.880593159649342,51.682222222222215,12.787850429284344,59.3,31.47888888888889,41.6,1.0094444444444444,1.48,sme_seasonal,0.13275437573778417
NW000278,3135.294222222222,806.6657244400973,2477.32,5746.02,3006.81,3.4075125324113893,56.016666666666666,9.807280602133742,54.8,33.53777777777778,39.1,0.985111111111111,1.61,young_professional,0.2572854945231749
NW000279,21677.33166666667,763.2617235087811,20699.89,24138.43,21719.83,0.9124992385890821,76.13222222222223,9.177498469207695,69.3,46.346666666666664,42.3,1.0064444444444445,1.59,near_retiree,0.03521013265126409
NW000280,5896.832222222222,752.900231958157,5247.42,8670.09,5530.89,-3.7737081944273156,53.126666666666665,12.622975307667266,45.8,32.20666666666666,27.1,1.0061111111111112,1.6,sme_seasonal,0.127678760999991
NW000281,4979.446333333333,734.0171331350804,4089.04,7324.78,5311.45,7.936746347285645,49.432222222222215,12.188831024664147,36.5,30.07,11.4,0.964111111111111,1.61,sme_seasonal,0.14740938730907374
NW000282,2065.605888888889,887.2471412675297,1091.92,5169.2,1121.78,-16.53178886282259,38.324444444444445,10.664403786187789,36.0,23.556666666666665,27.1,0.966,1.57,stretched_salaried,0.4295336036947442
NW000283,453.8206666666667,676.0414857388562,-17.31,3164.54,228.54,-0.7780032102728744,36.82555555555556,14.225476126871982,63.6,22.52,35.8,0.9648888888888889,1.61,gig_worker,1.4896665916614407
NW000284,7972.64788888889,652.8157311535625,7465.98,10469.75,7904.22,2.528793102029078,74.40222222222222,8.005194630591934,64.8,44.995555555555555,37.9,0.9515555555555556,1.51,stable_salaried,0.08188192182215416
NW000285,3677.6156666666666,716.6252355076566,3033.48,6685.15,3164.54,-10.41324797300078,56.99,9.375009213478618,71.2,33.775555555555556,40.3,0.992111111111111,1.63,young_professional,0.1948613722752586
NW000286,7848.088333333333,891.7702715489783,6904.7,10809.69,6965.46,-13.302778367699714,75.76777777777778,9.092889279853814,87.2,46.23666666666667,60.1,1.0525555555555557,1.6,stable_salaried,0.1136289799085652
NW000287,3483.2485555555554,665.1044606601466,2733.79,6018.91,3047.84,-8.797087130098369,46.898888888888884,16.94095160987687,18.8,28.65111111111111,7.1,0.9808888888888889,1.57,gig_worker,0.19094372682631222
NW000288,5394.645444444444,721.8386862854745,4760.92,8050.17,5508.09,0.9160782812692825,51.97,14.36856314116248,63.5,31.238888888888887,42.0,0.9834444444444445,1.6,freelancer,0.1338065112377022
NW000289,2377.8014444444443,745.9163810751961,1667.71,5332.4,1806.8,-8.79771486191711,40.98555555555556,12.002495631046212,34.3,23.754444444444445,15.9,1.0014444444444444,1.42,stretched_salaried,0.31370002857806906
NW000290,2673.265111111111,795.1641847354188,1823.4,5368.41,1955.21,-14.52441585380911,52.30777777777777,10.444408511904612,39.2,32.218888888888884,23.5,1.0153333333333332,1.63,young_professional,0.2974505526707444
NW000291,8822.051,857.2423496934682,7887.03,11823.13,7997.48,-11.018022060336742,75.98444444444445,8.402459660098078,78.4,45.82222222222222,51.6,1.0173333333333334,1.68,stable_salaried,0.09717041419205899
NW000292,11857.285555555554,742.6819180981265,11246.88,14528.05,11246.88,-1.858655471868977,78.63,7.745770139642652,66.2,46.97111111111111,44.4,1.0125555555555554,1.64,stable_salaried,0.0626350706169975
NW000293,4393.834777777778,738.2099409332326,3596.01,7083.43,4177.1,-4.751146643618573,45.495555555555555,13.647182786293179,61.0,27.837777777777777,39.6,1.0622222222222222,1.73,sme_seasonal,0.16801040054277802
NW000294,1574.652888888889,853.437875229916,680.86,4333.15,779.75,-13.95882948512162,37.94888888888889,15.043668603226257,43.7,23.042222222222225,27.4,0.9806666666666667,1.67,gig_worker,0.5419847645484086
NW000295,9051.549111111111,696.219607760843,8414.2,11431.25,8651.01,-4.762646911141349,75.75666666666667,7.898272460808659,77.8,46.638888888888886,43.8,1.0286666666666666,1.65,stable_salaried,0.07691717729357593
NW000296,7151.770555555555,710.5647005677569,6563.72,9743.06,6663.49,-1.9058850886940877,59.65888888888889,14.556066687235461,51.7,35.79333333333334,30.5,0.9744444444444444,1.49,freelancer,0.09935507508917275
NW000297,18813.861555555555,861.9942774803037,17824.06,21707.14,18771.83,7.331963287648517,74.46555555555555,9.48006970427974,63.6,43.955555555555556,36.7,0.9809999999999999,1.66,near_retiree,0.045816977813667656
NW000298,1722.8785555555555,800.4765495453614,807.43,4396.46,1978.37,11.306593159649333,37.79333333333334,13.703881185655467,41.0,22.85111111111111,28.2,1.0267777777777778,1.7,stretched_salaried,0.4646157716480728
NW000299,3039.2273333333337,711.3695549609872,2587.12,5688.96,2901.7,-0.2990255587109561,56.126666666666665,9.637028307872795,76.0,34.55444444444444,43.7,0.9897777777777778,1.47,young_professional,0.23406263399874677
NW000300,10076.969444444445,758.2441089445574,9501.39,12666.05,9655.79,-5.6134805943121036,76.3711111111111,8.548766182668846,77.3,46.06111111111111,46.3,1.0038888888888888,1.48,stable_salaried,0.07524525236727661
NW000301,8034.438777777777,764.3351115880747,7140.3,10653.41,8403.84,11.025910770877026,74.57111111111111,7.554911259890417,59.8,45.51444444444444,40.5,1.010888888888889,1.65,stable_salaried,0.09513235867850872
NW000302,5289.511777777778,772.9369295614941,4345.24,8086.75,5396.74,13.395162365724127,54.478888888888896,14.43257469181111,54.3,33.196666666666665,25.2,0.9804444444444443,1.65,freelancer,0.1461263273500488
NW000303,2648.7452222222223,799.86570877674,1572.61,5657.73,3008.87,12.69497345351278,45.89222222222222,13.995241789946013,41.7,28.12333333333333,26.8,1.015888888888889,1.58,freelancer,0.3019791039417809
NW000304,5898.165999999999,732.0646463791311,5192.35,8701.25,5944.39,6.5705789192081365,64.89333333333333,9.774224300380943,68.3,38.72222222222222,47.3,1.0206666666666666,1.61,young_professional,0.12411733518167023
NW000305,11915.283222222222,701.8938288832096,10943.2,14145.77,12111.95,0.9426199942379762,70.86444444444444,9.901337000980787,88.9,42.346666666666664,47.1,0.9774444444444444,1.51,near_retiree,0.0589070201515785
NW000306,2780.5425555555553,725.1774455867873,2344.91,5300.71,2374.76,-2.1057789027452043,42.46333333333333,12.008016517067144,65.8,26.25111111111111,42.9,0.9181111111111111,1.71,sme_distressed,0.2608042966786732
NW000307,927.2302222222222,761.0557408766444,-145.14,3460.53,-145.14,-13.2554802650533,41.483333333333334,16.025718445217773,38.7,24.68888888888889,31.3,0.9942222222222222,1.54,freelancer,0.8207840109575807
NW000308,1701.5269999999998,682.9899760141744,1100.87,4231.85,1889.52,3.2900080668395186,38.33555555555555,13.991693451578561,35.6,23.014444444444447,25.4,0.9862222222222223,1.54,stretched_salaried,0.40139825933656914
NW000309,5832.954666666667,701.4726961798608,4943.93,8353.84,5991.79,10.918974358974332,52.04888888888888,12.830531042846518,45.4,31.914444444444445,33.5,1.015888888888889,1.52,sme_seasonal,0.12026026881171156
NW000310,3705.5679999999998,702.124526933647,3274.14,6296.8,3418.35,0.9130006173601619,47.67333333333334,11.907572890175036,50.1,29.047777777777778,28.2,0.9958888888888888,1.89,stretched_salaried,0.1894782465019255
NW000311,1705.2223333333334,726.0744736743337,882.59,4400.35,1080.58,-6.926521381240486,38.41888888888889,15.112030288009546,39.9,22.669999999999998,30.2,0.9623333333333334,1.68,gig_worker,0.4257946072375315
NW000312,9527.670333333333,759.8103941847098,9041.17,12231.58,9279.27,-0.727861793637104,75.23777777777778,8.54139395746264,80.8,45.15555555555556,49.1,0.9862222222222223,1.57,stable_salaried,0.0797477628425546
NW000313,9143.053444444446,724.9440302520705,8541.43,11848.78,8921.77,2.4996479400748486,76.50888888888889,7.676604534462278,67.2,46.42333333333334,37.9,1.0155555555555555,1.62,stable_salaried,0.07928905093435336
NW000314,1463.4145555555556,715.31186287444,834.3,4409.65,928.05,-7.891680207433024,30.19888888888889,10.402943559715043,18.4,18.304444444444446,9.1,0.9845555555555555,1.58,sme_distressed,0.48879646588104786
NW000315,6312.153,819.8471880625343,5351.21,8990.08,5890.58,-6.275513931761166,53.626666666666665,12.637902684767868,68.8,32.81666666666667,42.3,1.0214444444444446,1.71,sme_seasonal,0.12988392202510526
NW000316,2663.133333333333,722.5824458025688,2155.74,5320.53,2203.2,-2.2983905831995615,54.23777777777777,9.899966834330758,52.2,33.19888888888889,40.8,0.9936666666666666,1.86,young_professional,0.2713279266788127
NW000317,1012.1428888888889,661.4427960509817,470.41,3915.17,578.52,-5.816772276412723,36.968888888888884,13.96360151575826,50.8,22.011111111111113,29.1,0.9760000000000001,1.48,gig_worker,0.6535073291648582
NW000318,9068.51988888889,648.7974138868616,8560.82,11498.63,8915.35,2.247515248796127,75.61555555555555,7.956749817948174,92.8,44.282222222222224,60.8,0.9624444444444445,1.53,stable_salaried,0.0715439147552396
NW000319,9963.599777777777,777.014748089291,9378.86,12721.25,9853.8,5.552004609622551,76.43777777777777,8.439734510145907,82.1,46.02444444444444,43.7,1.021111111111111,1.85,stable_salaried,0.07798534319115252
NW000320,1605.8624444444445,630.1141743274305,1126.43,4214.15,1447.91,-0.4732487138329884,36.43333333333333,11.884821780912194,28.2,21.784444444444443,11.6,1.044111111111111,1.75,stretched_salaried,0.3923836543455759
NW000321,471.7576666666667,772.6383456339275,-496.09,3461.78,-426.44,-14.280829979009752,39.45333333333333,15.34068688675,40.0,23.745555555555555,24.1,1.0241111111111112,1.59,freelancer,1.6377865167369
NW000322,16879.589666666667,867.8177504360008,15425.33,19615.91,15819.64,-13.49808659505296,73.42555555555556,8.948448627217878,73.3,43.77777777777778,44.4,1.0142222222222221,1.58,near_retiree,0.05141225394535168
NW000323,4835.677555555555,772.0089791340647,4103.43,7642.18,4871.46,8.941512120837938,60.56666666666667,10.766604631029175,55.0,36.73222222222223,36.5,0.9480000000000001,1.45,young_professional,0.1596485642941863
NW000324,2116.8225555555555,663.7690644716548,1748.84,4627.09,1759.49,-1.6605012141416495,39.833333333333336,14.049791073659538,40.3,23.523333333333333,26.0,1.0347777777777778,1.77,stretched_salaried,0.31356859021064715
NW000325,1257.181,755.7394013366621,363.59,3887.51,1717.78,12.4224881261061,28.08666666666667,12.090020027678323,49.7,16.817777777777778,28.4,0.990111111111111,1.56,sme_distressed,0.6011381028958138
NW000326,17935.491666666665,721.1803402603871,16775.01,20580.82,17898.74,8.883788862822499,74.21444444444445,8.582508487329397,76.1,43.60111111111111,34.0,0.9604444444444444,1.51,near_retiree,0.04020967775311729
NW000327,3177.9096666666665,610.2067594841214,2645.51,5967.17,2645.51,-1.9070552743137017,46.337777777777774,15.982881135398106,64.7,28.38,39.1,1.021111111111111,1.63,freelancer,0.1920151368318068
NW000328,2628.7274444444442,690.1097543707563,1919.15,4948.21,1919.15,-7.718570605424554,53.214444444444446,10.065722913818846,63.0,32.30888888888889,34.6,1.0074444444444444,1.57,young_professional,0.26252617243725096
NW000329,1923.5446666666664,755.2073646121934,1203.48,5015.71,1419.33,-10.339134543359268,43.36555555555556,14.627011807166603,14.3,26.844444444444445,13.9,0.9826666666666667,1.65,gig_worker,0.39261233580860966
NW000330,1975.6106666666665,623.982563611905,1033.8,3903.61,2414.82,12.846231880479062,38.34777777777778,10.917784972882888,32.7,23.452222222222222,19.7,0.9987777777777778,1.57,stretched_salaried,0.3158428804521058
NW000331,1107.3456666666666,702.5865337436131,491.29,3800.39,510.95,-4.562924064699346,36.278888888888886,13.605835615518231,52.2,20.862222222222222,24.8,1.018111111111111,1.82,gig_worker,0.6344780630772142
NW000332,14678.652333333333,734.1005405670172,13717.21,17344.72,14312.32,-4.214559575256221,72.37222222222222,8.353200661924568,84.3,42.80555555555556,51.5,1.0033333333333334,1.53,near_retiree,0.05001144000801553
NW000333,10268.631111111112,729.5494313853629,9596.03,13019.18,10259.81,4.345344034242929,75.88777777777777,9.275445751156473,72.7,44.75222222222222,42.8,1.0252222222222223,1.52,stable_salaried,0.07104641538792432
NW000334,8755.884333333333,774.5317872050988,7983.46,11769.81,8051.27,-10.258337160966436,74.19555555555556,8.028935187787221,72.8,44.82555555555556,40.9,1.0063333333333333,1.63,stable_salaried,0.08845843066433444
NW000335,9724.714888888888,774.3346761948951,9028.81,12166.62,9519.88,6.26443050582373,75.64555555555556,7.781744137577488,82.9,45.76555555555555,51.6,0.9788888888888888,1.58,stable_salaried,0.07962543735648459
NW000336,8301.703,606.3766423369203,7688.29,10847.05,8278.87,4.6114642136889294,74.91666666666667,7.449081837697792,84.2,45.31777777777778,50.0,0.9977777777777778,1.55,stable_salaried,0.07304243988696299
NW000337,4454.798555555555,805.4181100445766,3463.43,7452.16,4452.87,8.708861587850336,47.68333333333333,13.330317308697563,54.8,28.283333333333335,35.2,0.991,1.76,sme_seasonal,0.1807978744718196
NW000338,13625.077,718.721641343742,12652.53,16417.53,13410.34,2.586935588755733,71.60444444444444,8.109806951402343,77.7,43.629999999999995,50.2,1.0183333333333333,1.65,near_retiree,0.05274991409910873
NW000339,4144.341111111111,689.9936931277379,3430.18,7026.66,3862.06,-7.877534675062783,52.196666666666665,15.294299812072898,59.1,30.43,34.9,0.9926666666666667,1.64,freelancer,0.16649056499665116
NW000340,8863.310555555556,702.7539410693133,8284.74,11619.48,8913.6,4.34923068691607,75.04888888888888,7.363823573929851,77.9,44.693333333333335,39.8,1.0035555555555555,1.54,stable_salaried,0.07928797447234032
NW000341,3840.424555555556,793.3460895319537,2912.01,6713.7,4109.57,11.44786409844836,47.464444444444446,16.453197572570733,66.0,28.592222222222226,44.5,0.9855555555555556,1.73,freelancer,0.2065777046405715
NW000342,924.1650000000001,774.645307289846,350.9,3770.52,835.62,-2.388435527019793,42.4,16.044761825046574,67.4,24.942222222222224,47.3,0.9796666666666667,1.62,freelancer,0.8382110416320093
NW000343,8961.204777777779,690.8691211364401,8262.7,11891.61,8376.15,-8.693122854673401,74.7911111111111,7.325722642491085,80.5,45.37777777777778,43.3,1.0335555555555556,1.74,stable_salaried,0.07709556228975759
NW000344,2408.7637777777777,645.2232988778237,2013.62,5118.3,2308.89,-1.2614831460674079,43.54,14.767104346706462,20.9,26.837777777777777,14.1,1.0275555555555556,1.71,gig_worker,0.2678649126287838
NW000345,2785.480888888889,691.4261513738801,2089.35,5392.38,3090.7,8.611165658311718,44.138888888888886,14.550521782562267,25.8,26.50888888888889,23.0,1.0046666666666666,1.74,gig_worker,0.24822505662556735
NW000346,3621.8685555555553,819.5437107599597,2812.71,6308.7,3833.01,10.527407087294717,57.95,10.380635061000023,65.0,34.65888888888889,29.6,1.0058888888888888,1.48,young_professional,0.22627649186850476
NW000347,3082.9503333333337,682.685884778035,2354.8,6335.77,2364.7,-12.005176523850682,53.55,10.395420880411665,58.0,32.784444444444446,36.3,1.0192222222222223,1.66,young_professional,0.22143914463905892
NW000348,8505.97411111111,747.4089712096769,7666.99,11093.13,8819.91,10.673027863522211,75.29777777777778,8.238317950084932,83.1,45.364444444444445,47.7,1.031111111111111,1.65,stable_salaried,0.0878687098557422
NW000349,1512.8928888888888,646.7393025383105,896.67,4176.37,1392.01,3.580478083714032,41.157777777777774,14.829980094827635,37.0,24.017777777777777,23.7,0.9992222222222223,1.61,gig_worker,0.42748518899662097
NW000350,3133.650111111111,779.3886006762175,2281.61,6103.03,2281.61,-13.058260937564306,55.11,9.828747677037823,40.6,32.888888888888886,23.5,0.988,1.71,young_professional,0.2487158977681355
NW000351,3232.137777777778,603.8019694966554,2557.25,5884.75,2889.29,-5.377178581717895,45.33111111111111,14.057127780887164,33.6,27.293333333333333,15.6,1.0072222222222222,1.73,freelancer,0.18681195264881098
NW000352,4555.632333333333,736.8750491796309,3512.91,7382.27,4309.05,4.257571469728768,49.91555555555555,11.894497935960315,64.4,30.42,46.1,1.0248888888888887,1.6,sme_seasonal,0.16175033349112772
NW000353,3924.478333333333,837.4732063575847,3220.36,6828.44,3382.48,-6.780087171255739,58.992222222222225,11.678100389794025,45.1,34.80444444444444,26.5,0.9754444444444446,1.63,young_professional,0.21339733213567275
NW000354,8082.276,625.460601916789,7419.1,10695.72,8253.12,7.969547022266089,75.40555555555555,9.369270367322102,80.3,46.51333333333333,50.4,1.017111111111111,1.62,stable_salaried,0.0773866918077023
NW000355,9260.793222222223,744.3852492619081,8490.27,12168.31,8650.42,-8.782486479812375,76.65,9.017227581603281,59.8,45.46222222222222,31.3,0.9467777777777777,1.5,stable_salaried,0.08038029047832311
NW000356,2135.404,750.4605821757402,1393.11,4708.12,2220.45,6.094371156932945,49.88111111111111,10.083069517086154,57.1,30.28777777777778,36.8,1.002888888888889,1.47,young_professional,0.3514372840810171
NW000357,8366.035222222223,836.8784253633944,7840.88,11066.81,8199.16,-0.06855307239580345,75.70111111111112,8.344714998996785,83.8,45.92,47.6,1.0081111111111112,1.51,stable_salaried,0.10003285942909276
NW000358,4033.773,848.7823599105926,3175.74,6901.79,3307.77,-14.095541918755421,60.824444444444445,9.36955757965401,57.1,36.09444444444444,30.7,1.0033333333333334,1.61,young_professional,0.21041897000911866
NW000359,1340.1525555555554,749.5221154371302,530.78,3704.53,1582.32,10.473712063217679,30.288888888888888,12.7672196514341,48.5,18.547777777777778,38.9,1.0255555555555556,1.67,sme_distressed,0.5592811895407076
NW000360,1592.5349999999999,738.0176330986994,717.03,4675.98,1952.6,10.52634489854713,48.87222222222222,10.177580867259813,54.2,29.36111111111111,33.5,1.0354444444444444,1.56,young_professional,0.46342317945834755
NW000361,2964.4223333333334,727.1807186385399,2032.5,6226.24,2132.6,-15.359162941926998,44.24111111111111,16.180831317406014,28.0,26.529999999999998,18.4,1.0334444444444446,1.62,gig_worker,0.24530267177580745
NW000362,3674.653666666667,666.2194599724293,3011.31,6218.89,3731.52,7.563337119809021,58.38666666666667,10.418622048680833,58.7,35.45444444444445,34.6,0.9998888888888888,1.64,young_professional,0.18130129269482065
NW000363,1654.1818888888888,708.3133309249905,870.35,4096.13,1982.48,9.060721652878954,39.36888888888889,14.751656882331302,51.4,23.466666666666665,26.7,1.0335555555555556,1.54,gig_worker,0.42819555435996426
NW000364,3423.6226666666666,778.9563320898815,2330.77,6184.71,3688.38,11.749635098983394,50.123333333333335,16.34096699241483,41.2,30.46222222222222,26.9,0.9182222222222223,1.69,freelancer,0.22752400247667914
NW000365,1367.1933333333334,717.0739795802184,555.37,3876.86,1612.59,11.320322508951712,29.985555555555553,10.851764844931349,15.5,17.83111111111111,8.3,1.030111111111111,1.64,sme_distressed,0.5244861586853493
NW000366,3298.6969999999997,856.2533599907175,2262.17,5927.72,2343.66,-14.884364571757851,46.42333333333334,15.15501214972878,29.3,28.25,10.3,1.0143333333333333,1.73,gig_worker,0.2595732072362868
NW000367,2028.3715555555557,689.2541382773009,1601.92,4782.05,1669.62,-3.1678249989710623,34.45,11.319181790416408,35.2,19.906666666666666,21.5,0.9988888888888889,1.51,sme_distressed,0.3398066475491071
NW000368,2201.878777777778,762.4169907924738,1718.8,4890.0,1984.31,2.8131243363378173,37.593333333333334,11.726008736943548,26.6,22.166666666666668,12.3,1.0144444444444445,1.71,sme_distressed,0.3462574772449257
NW000369,9506.952444444443,810.3327144684313,8519.97,12160.46,9590.56,9.294403588920446,76.5788888888889,7.430494326932212,74.0,45.63222222222222,46.5,1.0083333333333333,1.63,stable_salaried,0.08523580182016831
NW000370,9096.051444444445,668.9319593950777,8651.15,11742.18,8916.99,-2.6898929909042684,76.10222222222222,7.495406500100435,70.7,45.21666666666667,46.3,1.0163333333333333,1.6,stable_salaried,0.0735409164603657
NW000371,8540.471333333333,772.7089917525756,7631.22,11359.72,7926.33,-13.171732641889978,75.03111111111112,7.820954918052668,75.5,45.504444444444445,47.1,1.0208888888888887,1.74,stable_salaried,0.09047615308264122
NW000372,9438.287222222221,728.348533953643,8714.5,12254.46,9488.09,5.279629336955095,75.49000000000001,7.459434114151743,73.1,44.166666666666664,42.1,1.0175555555555555,1.58,stable_salaried,0.07716956655427522
NW000373,9677.991444444444,708.7248457309195,8785.38,12233.49,9936.11,11.487777668024806,74.78444444444445,8.745565953395667,76.8,44.675555555555555,50.4,0.9588888888888889,1.59,stable_salaried,0.07323057163248022
NW000374,2907.325333333333,885.8816853893723,2008.62,5791.1,2073.79,-12.06889229122937,55.31111111111111,10.051222123069955,51.5,32.60222222222222,32.7,0.9795555555555555,1.57,young_professional,0.30470676096427196
NW000375,8970.268555555556,718.523120204685,8338.83,11930.15,9016.16,9.403711487014862,74.67666666666666,7.931746056551354,84.2,45.19111111111111,52.2,0.9941111111111111,1.7,stable_salaried,0.08010051379784858
NW000376,3635.912444444444,738.4579893557897,3053.18,6465.97,3508.74,4.935740873358826,47.144444444444446,12.796392672086427,64.1,28.604444444444447,38.7,1.0266666666666668,1.55,stretched_salaried,0.20310114741187715
NW000377,442.1193333333333,780.2332332783002,-593.48,2944.59,829.74,10.940450261349133,43.35888888888889,12.167842075488675,50.5,25.658888888888892,28.4,0.988,1.89,sme_seasonal,1.7647571016534755
NW000378,8077.459444444444,782.4886802316694,7417.28,10798.15,7781.17,-5.036025435238935,75.33777777777777,8.476359428643024,65.2,44.97333333333333,37.9,0.957,1.56,stable_salaried,0.09687311779322562
NW000379,1676.8836666666666,673.4943170926294,854.57,3795.75,1757.72,3.9782936988105497,43.89111111111111,12.68858324711535,40.8,27.343333333333334,24.9,0.9633333333333334,1.49,sme_seasonal,0.4016344905019029
NW000380,2216.488888888889,784.9885752198678,1499.26,4739.34,1582.95,-7.182905543894325,39.58444444444444,15.42622829309911,33.2,24.492222222222225,21.9,0.9833333333333333,1.68,stretched_salaried,0.354158588005996
NW000381,9318.985,657.1438043913979,8660.25,11943.82,8736.49,-6.1720672511009775,77.05333333333334,8.10349071683018,77.5,46.413333333333334,44.0,1.0805555555555555,1.62,stable_salaried,0.0705166715464611
NW000382,3669.7317777777776,857.7391413603108,2577.52,6269.39,3882.69,10.676216652261608,55.06444444444445,9.627667423886685,65.0,32.47888888888889,42.0,0.9982222222222222,1.62,young_professional,0.23373346971960945
NW000383,2595.1065555555556,731.3253715051213,2125.21,5382.9,2192.28,-2.4116797135449035,53.215555555555554,9.568087302680217,54.2,32.294444444444444,27.3,0.9926666666666667,1.67,young_professional,0.2818093807899771
NW000384,9365.722777777779,783.2227305352086,8536.28,12232.74,9058.78,-6.98117306663379,59.03777777777778,12.945421973130964,57.1,35.94555555555556,37.5,0.9871111111111112,1.55,sme_seasonal,0.08362651224244812
NW000385,20785.971222222222,610.1008117669704,19896.6,23062.93,20268.3,-4.583424538008804,75.9211111111111,9.768275806646056,56.3,44.73555555555556,35.8,0.9927777777777778,1.51,near_retiree,0.029351566267671603
NW000386,5044.470333333334,657.1039312258538,4192.07,7755.47,5107.05,6.754500144050677,49.42333333333334,12.70127879963539,67.0,30.39111111111111,46.9,0.9803333333333334,1.62,sme_seasonal,0.13026222532894674
NW000387,3554.127,666.8947091809886,3065.78,6178.58,3529.22,2.173474173766306,47.361111111111114,12.50070285165072,25.2,29.243333333333336,12.0,1.004,1.54,stretched_salaried,0.18763952700086084
NW000388,8739.493999999999,776.9174742500365,8198.01,11439.34,8659.5,-0.014681483310741145,75.27444444444444,7.619660570916531,66.2,45.132222222222225,40.3,1.0177777777777777,1.61,stable_salaried,0.0888973062113249
NW000389,10963.238444444443,765.0056114825567,9751.01,13617.2,11135.43,4.596954521134256,69.22,8.702255938948607,69.5,41.525555555555556,48.5,0.9815555555555556,1.46,near_retiree,0.06977916382638004
NW000390,5150.646888888889,833.0298360744423,4132.15,8536.45,4507.49,-9.778545005556241,49.138888888888886,13.288963862894402,66.8,29.567777777777778,37.4,0.9898888888888889,1.59,sme_seasonal,0.16173305102150878
NW000391,1293.1624444444444,605.5417255672364,487.38,3626.45,1669.91,12.801130674568874,28.88888888888889,12.939977636127143,50.7,18.056666666666665,26.1,1.003111111111111,1.62,sme_distressed,0.46826423715651844
NW000392,2185.4175555555553,696.582580990958,1374.17,4527.45,1751.34,-8.949729266987694,42.178888888888885,15.925440705767265,42.5,25.918888888888887,28.3,1.012,1.5,gig_worker,0.31874118482308966
NW000393,466.18733333333336,731.2511941360459,-469.74,3037.15,-203.11,-11.793227805901958,33.035555555555554,13.623058040030786,14.8,19.07,2.6,1.039111111111111,1.97,gig_worker,1.5685779982640295
NW000394,13913.804555555555,769.8951152047223,12911.35,16843.29,13947.76,-2.5417413672470137,69.38111111111111,8.32247389814281,89.4,42.79555555555555,54.9,0.9984444444444445,1.72,near_retiree,0.05533318454565439
NW000395,2077.3985555555555,829.4048629482223,1289.74,4919.94,1326.46,-11.137535909783107,41.18555555555555,12.922070320706487,29.4,24.78777777777778,13.7,0.9663333333333333,1.53,stretched_salaried,0.3992516798137543
NW000396,2276.8194444444443,706.6538307003705,1674.44,5143.54,1825.02,-6.903122772358731,35.95666666666666,11.879053891127635,18.1,21.943333333333335,11.2,1.0034444444444444,1.56,sme_distressed,0.31036884915255003
NW000397,3238.6265555555556,776.0067581979561,1962.42,6304.69,2656.01,-8.895952669053804,45.20888888888889,12.211761179744348,38.9,26.88222222222222,25.6,1.007,1.69,sme_seasonal,0.23960982993447957
NW000398,3674.1473333333333,715.0057314625312,2792.67,6462.41,2997.18,-11.581968308844703,49.70666666666667,15.23060048098025,74.2,30.704444444444444,48.2,1.0095555555555555,1.53,gig_worker,0.19460453449313625
NW000399,13865.442111111111,926.571542482386,12435.71,17277.54,13266.21,-14.04586780260936,71.64333333333333,8.123236887355308,66.9,43.614444444444445,31.4,1.0288888888888887,1.64,near_retiree,0.06682596451359277
NW000400,22628.291666666668,850.0691614034127,21415.11,25930.96,22532.89,5.4184561880067665,78.25333333333333,9.55247129622322,75.5,46.91777777777778,47.7,1.0013333333333334,1.61,near_retiree,0.037566652132897616
NW000401,8172.838222222222,747.7092892167879,7637.89,10819.3,8129.09,0.683873893896286,75.89222222222223,7.514394094120154,73.0,45.525555555555556,36.1,0.997,1.52,stable_salaried,0.09148710263023942
NW000402,770.966,643.5886937432612,318.28,3004.63,386.76,-2.829867720294687,25.20111111111111,10.498052194343293,37.1,16.04111111111111,24.4,1.0213333333333334,1.8,sme_distressed,0.8347822001790756
NW000403,6013.939111111112,643.9241643353132,5427.49,8617.58,5848.32,-5.059329793801704,56.76222222222223,15.122485511315597,52.0,33.318888888888885,27.7,0.9555555555555556,1.83,freelancer,0.1070719460969641
NW000404,6746.086333333334,826.880542230927,5357.49,9616.85,5795.73,-13.607695847223996,51.864444444444445,12.242138602101297,52.7,30.61333333333333,25.3,1.0018888888888888,1.53,sme_seasonal,0.12257188855487919
NW000405,1316.6825555555554,689.0837132255571,849.29,4148.39,964.86,-1.8872185866567905,36.31333333333333,12.006722835912683,49.4,21.704444444444444,30.5,1.019,1.58,stretched_salaried,0.523348403393108
NW000406,4060.0641111111113,810.1087044645315,2869.4,7320.14,4456.03,14.158780178622857,49.46222222222222,12.879123232229801,53.5,29.443333333333335,34.1,0.9723333333333334,1.51,sme_seasonal,0.19953101288413652
NW000407,3396.782111111111,846.2363654447327,2560.43,6211.66,2626.99,-11.993940404165127,48.84888888888889,13.379426134755583,58.5,29.92666666666667,36.1,1.0247777777777778,1.69,gig_worker,0.24912883363246482
NW000408,9027.389444444445,691.8003963350636,8342.06,11607.44,8344.97,-8.674834506317685,74.86777777777777,7.863824551659067,71.2,44.53333333333333,50.5,1.046,1.67,stable_salaried,0.07663349416710999
NW000409,461.7392222222222,737.607907806674,58.98,3163.22,155.2,-0.6491398114993632,22.177777777777777,12.115704153744993,22.5,13.626666666666667,18.0,1.0396666666666665,1.47,sme_distressed,1.597455603309532
NW000410,9749.768444444444,689.0273344391323,8860.84,12644.4,9047.37,-13.901503724739735,75.78888888888889,8.339703931969575,79.7,45.40555555555556,44.5,0.9917777777777779,1.5,stable_salaried,0.07067114858832876
NW000411,1808.4775555555557,636.6132263825451,1035.12,4074.54,2060.65,9.249972918467284,37.74666666666666,11.370760847330804,40.9,22.32333333333333,23.0,0.9881111111111112,2.0,stretched_salaried,0.35201610571660125
NW000412,452.32933333333335,784.368104981271,-345.35,3484.86,696.01,9.624031114952462,21.89888888888889,12.946384636494274,17.9,12.995555555555555,14.7,1.0165555555555554,1.51,sme_distressed,1.7340642031792566
NW000413,2023.322111111111,851.4294126336844,1224.7,4932.8,2087.37,9.812062476848988,34.531111111111116,9.747343567184299,40.9,20.855555555555554,22.7,1.0105555555555557,1.58,sme_distressed,0.42080764499040657
NW000414,4951.053555555555,818.5723109352732,3965.16,7556.83,5259.28,13.80495155780548,64.00777777777778,9.231677605437516,38.1,39.12222222222222,28.2,0.9907777777777778,1.8,young_professional,0.16533295423895322
NW000415,3390.3234444444442,805.7603633475245,2542.0,6612.65,3622.33,10.33474264312468,56.09777777777778,10.088562639436686,51.5,33.37888888888889,29.5,0.9932222222222222,1.57,young_professional,0.23766474690427672
NW000416,2764.1555555555556,682.9886377213238,1938.68,5143.45,2199.39,-12.027823846565413,44.782222222222224,13.523135214049963,50.8,26.470000000000002,26.4,1.0225555555555557,1.77,gig_worker,0.24708762730397527
NW000417,2294.9055555555556,768.4631231407371,1406.35,5447.32,2528.45,13.311925258262324,40.410000000000004,14.44352854582053,56.0,24.615555555555556,38.9,1.0186666666666668,1.51,stretched_salaried,0.3348560995377023
NW000418,1407.686222222222,608.5091954076622,1020.27,3992.49,1218.31,-0.04774021484133997,36.38333333333333,11.359085360394078,25.5,21.37666666666667,14.2,0.9982222222222222,1.68,stretched_salaried,0.43227616055447965
NW000419,4391.672777777778,803.6685171250891,3877.58,7045.63,4014.98,-0.9970043215211635,59.23222222222222,9.415536142405212,67.2,35.41111111111111,35.6,1.0425555555555555,1.72,young_professional,0.18299826917700182
NW000420,10978.856777777777,752.0623932949987,10110.35,13721.57,10785.98,0.771728114582027,69.54222222222222,9.336228550414138,57.4,41.96222222222222,35.0,1.029,1.69,near_retiree,0.06850097496646852
NW000421,8909.32,722.5532883097213,7915.69,11401.57,8660.16,-10.884227188541823,57.36222222222223,13.425010851189533,50.6,34.57333333333333,36.0,0.9986666666666666,1.88,sme_seasonal,0.08110083466636302
NW000422,3337.7236666666668,678.2792035558011,2619.16,5835.57,3470.61,0.9869905749680917,44.54,13.279610120173718,72.4,25.85222222222222,42.9,1.0406666666666666,1.59,sme_seasonal,0.20321610513466745
NW000423,7196.956666666666,760.2974361806839,6600.04,9744.76,7125.34,3.011417376630824,73.49000000000001,9.115489348763221,72.4,43.666666666666664,48.7,0.98,1.44,stable_salaried,0.10564151924132988
NW000424,2654.2709999999997,814.5919357154821,1698.11,5726.0,1698.11,-11.615558217063846,45.47333333333333,14.685089893103799,29.3,26.967777777777776,21.3,1.0013333333333334,1.7,freelancer,0.3068985554660704
NW000425,7864.338222222222,845.7265149815693,6892.09,10741.73,7126.4,-15.67509931267235,74.17444444444445,7.340614448015028,62.0,44.72222222222222,35.3,1.0058888888888888,1.47,stable_salaried,0.10753943829524067
NW000426,2133.6573333333336,831.6163073896545,1086.93,4591.94,2277.05,12.663316458822063,43.782222222222224,13.862426606144268,36.3,26.70888888888889,19.9,1.0167777777777778,1.7,freelancer,0.3897609491447491
NW000427,5342.325777777778,678.275658702798,4870.31,7871.77,5007.55,-4.234622710622715,57.498888888888885,13.137855882088479,53.7,34.882222222222225,37.6,0.9972222222222222,1.79,gig_worker,0.1269626164552131
NW000428,5062.757888888889,620.2317799786563,4345.18,7343.33,4544.87,-8.421603737086892,48.80222222222222,12.772996250233907,34.6,29.270000000000003,20.2,1.0305555555555554,1.54,sme_seasonal,0.12250867878550221
NW000429,3462.0087777777776,742.3304879401466,2579.23,6336.19,3732.71,12.448066921842189,48.404444444444444,13.96854340094449,14.1,29.943333333333335,0.3,1.0413333333333332,1.59,gig_worker,0.2144218965315968
NW000430,8274.34688888889,654.6740045117662,7432.29,10632.34,7523.76,-12.370215088282512,73.53777777777778,7.542591838052467,84.8,44.05555555555556,46.5,0.977111111111111,1.55,stable_salaried,0.07912092800833471
NW000431,9235.225999999999,719.8488566043615,8695.79,11963.89,8933.65,-4.095022760011555,75.85777777777777,8.119306686759526,77.9,45.73444444444445,48.4,0.9727777777777777,1.55,stable_salaried,0.0779459925078565
NW000432,11420.075666666668,683.03591897926,10273.78,14474.21,11826.28,11.22098901098897,70.38111111111111,8.09582906129834,68.3,42.02111111111111,45.4,0.9470000000000001,1.44,near_retiree,0.05981010449632397
NW000433,2014.1303333333335,780.7128496940571,1111.79,4946.79,2220.81,11.116240935094854,50.73777777777777,10.302618602201187,48.7,30.795555555555556,32.1,1.0361111111111112,1.75,young_professional,0.3876178402030208
NW000434,7460.952666666666,601.6961140702099,6902.78,9718.04,7477.73,2.8825053298760785,74.19222222222223,7.3375014542085015,77.2,44.08,49.4,0.9607777777777777,1.42,stable_salaried,0.08064601679600655
NW000435,8087.766,741.8800543680987,7446.32,10753.64,8055.86,6.210068403506592,74.10888888888888,8.01132126521474,73.5,44.00111111111111,50.3,0.9498888888888888,1.49,stable_salaried,0.09172867444088996
NW000436,14960.100666666667,788.7029128419606,13958.37,17905.86,14645.55,1.6270593077333608,71.89333333333333,8.80963211363154,69.9,43.38333333333333,48.3,1.0096666666666667,1.59,near_retiree,0.05272042818530681
NW000437,9345.663111111111,711.2886285501963,8390.29,11978.17,8670.19,-12.307314977157684,75.39666666666666,6.558731207800773,72.8,45.48666666666667,40.7,1.0124444444444445,1.49,stable_salaried,0.07610895236578144
NW000438,3703.177111111111,849.1646337261907,2660.75,6735.56,3837.26,9.38236555953409,46.007777777777775,13.094387062185541,52.6,27.72222222222222,24.4,1.0234444444444444,1.66,sme_seasonal,0.2293070539830068
NW000439,7553.538333333333,870.2812043090415,6333.75,10706.85,7937.57,2.950953533358,66.94333333333333,9.838448425220834,74.9,40.88444444444444,41.5,1.002,1.4,near_retiree,0.11521503776164613
NW000440,9134.788,594.7315872419844,8431.55,11606.15,9251.03,7.541244927357265,74.24555555555555,8.48742839139902,66.9,44.824444444444445,40.6,1.0254444444444446,1.7,stable_salaried,0.06510622766964973
NW000441,8249.990777777779,647.693956185453,7817.85,10807.76,7976.07,-1.0902265300243117,75.64111111111112,9.20510232772673,80.3,46.08444444444445,45.2,1.0046666666666666,1.61,stable_salaried,0.0785084460857926
NW000442,427.2016666666667,667.008475377398,-127.86,3072.48,438.56,4.093946001563979,22.154444444444444,11.868929896115375,26.1,13.858888888888888,16.8,0.9567777777777777,1.6,sme_distressed,1.5613433359983722
NW000443,2156.3591111111114,714.1189487118468,1552.44,4880.45,1620.07,-6.169244433469156,41.80444444444444,15.423460250293529,22.9,25.25,19.1,1.012888888888889,1.78,gig_worker,0.3311688415126186
NW000444,3155.6494444444447,751.6532817301093,2195.69,6176.93,2434.16,-13.428897641684184,45.73555555555556,15.998506328531736,11.4,28.384444444444444,8.6,1.0007777777777778,1.6,gig_worker,0.23819289656948525
NW000445,5890.120333333333,769.6921460396803,5083.19,9042.21,5873.07,5.432765608922903,50.38444444444445,13.604013874886887,38.6,30.27444444444444,16.0,0.9846666666666667,1.55,sme_seasonal,0.13067511400129522
NW000446,672.0897777777778,650.7819168222726,115.9,3125.15,622.62,3.5100420628061033,20.711111111111112,12.11808421507688,19.0,13.466666666666667,10.6,0.9964444444444445,1.62,sme_distressed,0.9682961091508364
NW000447,2021.1206666666665,749.3921277609691,1392.7,4641.17,1445.16,-7.4418451660698866,34.60444444444445,12.963352936289729,10.7,20.215555555555557,3.4,1.0444444444444445,1.78,sme_distressed,0.37078049822572157
NW000448,19537.164444444446,720.7679361221774,18619.12,22417.05,19516.9,-1.311555336049747,74.41444444444444,8.297130424634519,71.5,44.48222222222223,47.1,1.0132222222222222,1.7,near_retiree,0.03689214666599859
NW000449,4285.988555555556,831.0368663959058,3458.92,7191.05,3512.78,-14.576692019590919,52.022222222222226,14.71293688765689,35.3,31.55111111111111,17.7,0.992,1.6,gig_worker,0.1938961935207934
NW000450,7903.826222222222,809.670243467274,7257.75,10706.08,7749.32,3.859946166193293,73.57000000000001,8.079345979760626,85.8,43.925555555555555,55.7,1.044,1.71,stable_salaried,0.10244028913373919
NW000451,15471.34688888889,762.3407998795535,14248.3,18478.17,14578.28,-12.833785899493789,71.09333333333333,9.241258244015489,65.8,42.24777777777778,43.1,1.0479999999999998,1.64,near_retiree,0.04927436540299193
NW000452,2680.7776666666664,753.2620118010627,2030.01,5559.05,2181.29,-7.01532049224184,46.55111111111111,13.371907870602277,51.8,27.29111111111111,26.8,1.0204444444444445,1.7,freelancer,0.28098637987300307
NW000453,1870.363111111111,610.8415184461743,1398.76,4277.74,1398.76,-3.940065028604369,40.382222222222225,14.618501266405705,47.3,25.633333333333333,34.7,1.006,1.55,gig_worker,0.32658980217124617
NW000454,1144.3568888888888,701.7281762066754,448.11,4014.98,1361.97,8.522417911676335,27.94777777777778,11.705268455400063,34.1,15.96111111111111,18.6,0.9638888888888889,1.81,sme_distressed,0.613207455663606
NW000455,7988.810888888888,650.6731874502107,7538.6,10503.19,7787.15,-1.5328076717290315,72.41777777777779,8.595485851812802,60.2,44.24666666666666,43.2,1.0375555555555556,1.94,stable_salaried,0.08144806486221738
NW000456,6446.268444444445,816.610110121476,5718.69,9018.39,6321.48,3.303215870272051,58.11555555555555,16.436509861569245,68.0,35.23222222222223,35.7,1.014888888888889,1.59,freelancer,0.1266795072465918
NW000457,10955.171444444444,693.7777436915302,10404.64,13628.42,10737.14,-1.7390493476560818,77.41111111111111,8.31886234179127,84.0,47.03888888888889,59.1,0.9844444444444443,1.72,stable_salaried,0.06332878925809571
NW000458,1615.1033333333332,844.6004621839537,664.95,4719.53,664.95,-15.92242186278142,39.94777777777778,14.769679142504565,53.1,23.42666666666667,26.1,1.0166666666666666,1.87,gig_worker,0.5229389629459955
NW000459,9297.053222222223,697.42629583094,8583.82,11793.0,8771.72,-7.191208379635407,76.38666666666667,8.078521947357238,69.1,46.47,46.7,0.9812222222222222,1.73,stable_salaried,0.07501584417780047
NW000460,7914.931444444444,722.2707290868454,7169.07,10626.52,7951.59,7.263979832901183,73.68777777777777,7.8298596967896374,69.4,44.5,40.8,1.012,1.65,stable_salaried,0.09125419899799804
NW000461,9446.199444444444,661.6202651294965,8986.64,11926.32,9024.83,-2.9798232703626457,76.60444444444444,7.640649879870595,73.6,46.26888888888889,49.8,1.0090000000000001,1.75,stable_salaried,0.07004089517913076
NW000462,2851.4685555555557,695.418589662695,2282.37,5527.03,2770.48,0.6501486603284142,55.153333333333336,9.74506732037556,75.3,33.13666666666667,42.9,0.9938888888888889,1.57,young_professional,0.24388085511509547
NW000463,16795.39788888889,752.7352571839937,15823.31,19373.68,16786.78,-1.4999108531917458,73.88222222222223,8.587259674314467,72.5,44.406666666666666,41.2,0.9192222222222223,1.44,near_retiree,0.04481794728316445
NW000464,3995.060222222222,716.7197862687785,3210.4,6640.8,3430.98,-13.151276783141926,58.644444444444446,9.776101462252205,49.0,35.05777777777777,28.9,1.0733333333333333,1.63,young_professional,0.17940149744979528
NW000465,1138.1575555555557,708.4566517839176,508.11,4133.55,508.11,-8.28140445322468,25.72888888888889,11.399144896418246,14.0,15.528888888888888,8.1,1.0335555555555556,1.57,sme_distressed,0.6224592090311317
NW000466,827.7985555555555,825.1434158512138,82.06,3710.75,289.78,-9.748861258591596,33.034444444444446,14.721925566464444,34.7,19.18888888888889,15.4,1.0406666666666666,1.67,gig_worker,0.9967925291889889
NW000467,3505.065888888889,721.4308885334061,3030.17,6269.79,3160.15,-1.8862372309338893,47.68444444444445,14.637307352850888,30.3,29.220000000000002,21.9,1.0121111111111112,1.51,stretched_salaried,0.2058252002680899
NW000468,5223.051555555556,695.4666713343489,4433.66,7657.13,4433.66,-6.567426595876072,52.32111111111111,11.380068269028104,49.4,30.905555555555555,28.5,1.006,1.5,sme_seasonal,0.13315332309799013
NW000469,3176.1943333333334,792.0926999887031,2365.68,6309.29,3504.6,13.08986319298678,44.135555555555555,12.493722568573162,51.6,26.25888888888889,28.3,0.9998888888888888,1.7,stretched_salaried,0.24938420539193595
NW000470,475.7837777777778,728.292458047239,-60.88,3063.09,42.15,-4.679950446557189,22.921111111111113,12.858342235439814,5.3,15.007777777777779,10.8,0.9724444444444444,1.57,sme_distressed,1.5307215001083945
NW000471,6887.319555555556,616.4857020475116,6440.54,9517.33,6567.23,-1.094671770177409,73.97111111111111,8.711006139651358,70.7,44.20333333333333,42.8,0.9785555555555555,1.71,stable_salaried,0.08951025098729917
NW000472,3006.3773333333334,532.6201261134652,2611.61,5452.9,2927.48,2.284706424661472,41.468888888888884,10.830830364843221,49.6,25.174444444444443,39.3,1.018888888888889,1.66,sme_distressed,0.17716343195114514
NW000473,9277.323,801.9347758809956,8376.93,12149.92,8486.9,-12.425963123019331,74.21333333333334,7.801875314753902,70.9,43.81111111111111,42.0,1.009111111111111,1.63,stable_salaried,0.08644032075642893
NW000474,8027.293777777777,655.8033865772898,7288.91,10482.72,7336.14,-3.3487069185496128,53.845555555555556,12.480431074295856,52.3,33.342222222222226,29.0,1.0085555555555554,1.75,sme_seasonal,0.0816966968859134
NW000475,8001.579222222223,727.1534883647062,7015.74,10964.58,7357.57,-12.640898464831043,58.39111111111111,16.41129129281508,56.7,34.345555555555556,31.5,0.9934444444444444,1.8,freelancer,0.09087624682203158
NW000476,1322.8576666666668,758.669844074468,627.49,4204.05,1385.62,6.752876075235619,28.662222222222223,12.676569359908825,26.4,17.27777777777778,20.1,1.0106666666666666,1.81,sme_distressed,0.5735082943474654
NW000477,8099.086111111111,703.070926707495,7461.0,10744.65,8063.66,3.3905592459974256,74.9088888888889,6.626651067435051,81.8,44.446666666666665,54.7,0.9765555555555555,1.79,stable_salaried,0.08680867409755703
NW000478,4181.555222222222,673.6447534160764,3623.84,6707.61,3802.4,-1.4612629542741837,47.97222222222222,15.878938264238595,57.6,29.044444444444444,27.9,1.0005555555555554,1.6,freelancer,0.1610990929489814
NW000479,1555.502888888889,714.48358550624,882.42,4393.78,914.23,-8.06528641396057,32.18555555555555,11.864170980674407,27.8,19.52111111111111,8.9,0.9688888888888889,1.46,sme_distressed,0.4593264278773553
NW000480,3633.544777777778,702.8178236250175,2895.01,6345.3,3666.27,4.773606041898182,49.224444444444444,14.750275648623044,58.2,29.69111111111111,32.8,0.9886666666666667,1.74,freelancer,0.19342484174774652
NW000481,4254.942555555555,743.5326810594864,3800.74,6826.42,3996.94,-0.399331357780819,58.477777777777774,10.558523664439754,52.2,35.346666666666664,35.4,1.0053333333333334,1.64,young_professional,0.17474564494147574
NW000482,3730.654111111111,633.265086993004,3273.91,6236.79,3527.1,-0.15766679013870613,58.46222222222222,9.773060631519986,67.8,34.58222222222222,39.3,1.0136666666666667,1.69,young_professional,0.16974639517154191
NW000483,1426.367,779.1280953667216,901.88,4198.32,1037.81,-6.399893237848297,38.58444444444444,16.30794189310882,34.5,23.845555555555556,30.3,0.98,1.65,gig_worker,0.5462325582172902
NW000484,4376.486555555555,685.4606819646643,3816.01,6860.69,4034.07,-6.2944395604395735,60.092222222222226,9.196851290410626,58.7,35.75,35.7,1.0145555555555557,1.59,young_professional,0.15662350912389614
NW000485,3327.953222222222,690.1830495654599,2634.85,5924.24,2785.08,-10.024772194098066,57.13111111111111,11.1156600176492,58.0,34.26444444444444,35.9,1.0235555555555556,1.53,young_professional,0.20738964867558868
NW000486,437.8736666666666,700.7386941119566,-168.56,2968.68,-94.04,-4.255470140346548,23.470000000000002,10.857032619614385,15.5,14.376666666666667,13.7,1.0424444444444443,1.65,sme_distressed,1.600321616612303
NW000487,7878.086222222222,783.0135460629992,7307.61,10643.9,7399.94,-4.037289706548129,74.72444444444444,7.840535855212887,70.3,45.94111111111111,47.5,1.0023333333333333,1.56,stable_salaried,0.09939133997471401
NW000488,3000.659111111111,780.6909247319018,2490.66,5621.41,2875.53,0.6324672181750871,43.653333333333336,12.666484130362267,44.9,25.614444444444448,19.2,1.0093333333333334,1.55,stretched_salaried,0.2601731472399144
NW000489,1788.6147777777776,748.6484332527168,945.0,4490.23,1042.83,-12.377838992468208,33.44222222222223,11.584850411256333,25.1,19.297777777777778,7.6,1.0372222222222223,1.61,sme_distressed,0.41856326054895815
NW000490,2089.215111111111,779.0707653932581,1323.25,5067.07,1730.93,-6.428212207268384,44.282222222222224,13.454296985193714,25.3,25.7,14.4,0.9414444444444445,1.56,sme_seasonal,0.37290117290934366
NW000491,2675.699666666667,679.5326727541046,2190.52,5103.13,2557.54,-1.2024064699345745,44.24666666666666,15.35308189242491,21.4,26.215555555555557,11.8,1.0093333333333334,1.68,gig_worker,0.25396447935453564
NW000492,2829.047,706.8163523102351,2173.8,5475.79,2173.8,-6.178861505535678,54.89333333333333,10.242682232981881,55.2,33.29888888888889,29.9,0.9756666666666667,1.52,young_professional,0.2498425626404351
NW000493,2332.5686666666666,819.537301075663,1574.23,5280.36,2396.7,7.638949006050124,38.79666666666667,11.877269859940148,12.7,22.804444444444446,5.1,0.9886666666666667,1.79,stretched_salaried,0.3513454128005648
NW000494,7234.638555555555,798.4995779818653,6344.2,10132.77,7471.78,9.117492118368503,74.67555555555556,8.735904358953858,73.2,45.385555555555555,46.0,0.9707777777777779,1.58,stable_salaried,0.11037173064695666
NW000495,3929.3878888888885,705.0778201443716,3168.6,6217.81,3351.62,-10.016214594394377,50.95333333333333,13.860859126704128,44.0,30.11333333333333,18.6,1.011,1.67,gig_worker,0.17943706248449454
NW000496,1429.5845555555557,651.5427674704544,992.59,4266.21,1268.49,-2.3791943861382143,37.93666666666666,14.30809034910677,21.4,21.788888888888888,18.2,0.9897777777777778,1.52,gig_worker,0.4557567196277216
NW000497,5096.730333333333,881.948625694862,4063.49,7971.99,4063.49,-16.095234555706497,61.19333333333333,11.030435932180223,52.7,35.91222222222222,33.0,1.0317777777777777,1.68,young_professional,0.17304204225340195
NW000498,10998.551555555556,708.111939052728,10430.19,13646.97,10647.31,-3.763663003663036,78.15,8.237366902302341,70.9,46.65888888888889,37.1,0.9752222222222222,1.66,stable_salaried,0.0643822902930385
NW000499,2680.481222222222,646.5452639243318,2052.62,5414.31,2768.51,3.356802979791739,41.11555555555556,12.623350141266531,56.1,24.54111111111111,27.9,0.962,1.54,sme_distressed,0.24120492192380324
NW000500,1205.4484444444445,630.0200646401973,820.32,3604.96,915.45,-2.4489346009795465,29.544444444444444,10.397872633662507,21.5,17.92888888888889,10.4,1.0006666666666666,1.75,sme_distressed,0.5226437244527325
NW000501,4434.199111111111,710.3855207342448,3611.42,6863.73,4720.01,9.056807836358402,59.82333333333334,9.680015902113412,70.7,35.635555555555555,45.2,0.9683333333333334,1.59,young_professional,0.160206049149705
NW000502,6378.067111111111,656.1022361331932,5633.49,9436.32,6214.91,-5.435555336049705,59.17,16.219501717224734,45.0,35.833333333333336,28.8,0.9715555555555555,1.56,freelancer,0.10286850619527188
NW000503,975.7777777777778,730.8041102981797,472.19,3584.49,472.19,-4.205689097419431,33.160000000000004,13.027954386841317,44.9,19.46888888888889,24.3,0.9866666666666666,1.48,stretched_salaried,0.7489452280441377
NW000504,3905.7582222222222,765.2654652766704,3137.07,7101.22,3268.96,-11.948107996872055,47.7,12.465412823245469,34.2,28.85111111111111,14.3,1.0073333333333332,1.62,sme_seasonal,0.19593262607055706
NW000505,3416.1011111111106,839.0107570729623,2434.26,6361.99,2449.92,-14.440224225213017,55.93444444444445,10.709579468145302,64.5,32.855555555555554,23.9,0.9955555555555555,1.47,young_professional,0.24560477860096716
NW000506,8736.271888888888,702.0913817277576,7882.04,11274.37,9093.01,12.287270444910876,74.93777777777777,8.140405226610849,79.8,44.89555555555555,40.4,0.9703333333333333,1.53,stable_salaried,0.08036510203176062
NW000507,1374.7182222222223,724.6228301095025,896.62,4131.54,912.22,-4.231140799275625,28.418888888888887,9.58150013405919,35.2,16.894444444444446,17.6,0.9881111111111112,1.58,sme_distressed,0.5271064414481644
NW000508,442.10833333333335,694.5906846987116,-223.34,3085.32,840.6,-2.1378817961065146,42.282222222222224,13.100403782933757,27.8,24.864444444444448,9.4,1.0121111111111112,1.49,sme_seasonal,1.5710870669678507
NW000509,1324.7294444444444,643.6416853794625,739.98,3738.25,771.93,-7.236865374326054,28.64111111111111,11.456394068104295,23.0,17.763333333333335,28.2,1.0184444444444445,1.54,sme_distressed,0.4858665202005745
NW000510,11587.778333333334,894.0103047557965,10442.56,15008.23,10442.56,-16.430519241058594,67.9211111111111,8.995747989890997,64.4,41.46111111111111,45.6,0.9925555555555555,1.71,near_retiree,0.07715113967826705
NW000511,4287.709111111111,733.5284534935194,3511.04,6929.77,4500.8,8.667947483228376,60.26444444444444,9.247766947112957,64.4,35.84888888888889,40.5,0.9735555555555556,1.68,young_professional,0.1710770097702439
NW000512,1318.8113333333333,703.136502030786,689.82,3973.23,1261.55,8.039901716261262,37.431111111111115,15.342096339805558,36.9,23.464444444444446,18.9,1.0155555555555555,1.55,gig_worker,0.5331592808302522
NW000513,1339.043,643.2502028968619,813.85,3601.86,1277.68,2.3068550849899117,29.591111111111108,10.995960897299124,12.5,18.378888888888888,2.0,1.0007777777777778,1.66,sme_distressed,0.4803805425941228
NW000514,3580.141666666667,821.1289326523361,2541.47,6485.21,2658.64,-15.352701403465458,45.95333333333333,12.866306490078234,58.3,27.09777777777778,45.4,1.0201111111111112,1.66,sme_seasonal,0.22935654761864713
NW000515,9615.007333333333,605.1399404145657,9147.58,12032.14,9421.97,0.46942124542120695,76.67444444444445,8.499696770680009,78.7,46.05777777777777,43.8,0.9782222222222223,1.59,stable_salaried,0.06293702328407644
NW000516,9456.15988888889,884.5755389666786,8498.6,12548.29,8525.38,-15.869943696752673,75.6211111111111,7.600983000361549,84.1,44.99333333333333,42.4,1.0012222222222222,1.51,stable_salaried,0.09354490082237994
NW000517,1021.4351111111112,764.50943663791,274.31,3761.52,557.77,-8.898974852862487,35.26222222222222,14.437105578271304,43.3,21.80111111111111,18.6,0.9992222222222223,1.77,gig_worker,0.7484659850847315
NW000518,5047.94688888889,770.660948138491,4377.37,7782.18,4948.41,1.646244886199915,50.196666666666665,12.51574693529374,44.1,30.25111111111111,19.3,1.0604444444444445,1.55,sme_seasonal,0.1526681966156982
NW000519,1713.2263333333333,756.2029779404171,850.01,4464.28,1937.52,9.08778985059884,33.065555555555555,11.683573036591728,16.2,19.362222222222222,21.2,1.0076666666666667,1.5,sme_distressed,0.4413911712815628
NW000520,7977.371999999999,698.476119745251,7524.19,10579.88,7706.04,-1.7354927768860808,74.33,7.760754770429329,72.8,44.629999999999995,40.9,1.0101111111111112,1.7,stable_salaried,0.08755717042470265
NW000521,3458.320888888889,793.2714191765307,2457.09,6461.84,2541.99,-15.615025064822799,57.45444444444444,11.700467301828104,59.8,35.04777777777778,47.8,0.9344444444444444,1.59,young_professional,0.22938051287409536
NW000522,4517.411666666667,605.6184781668994,3949.55,7308.36,4615.69,3.595547516154229,54.11666666666667,15.705765419607232,79.6,33.12222222222222,41.4,0.9892222222222222,1.64,gig_worker,0.13406315891811926
NW000523,1514.3206666666665,764.1985950144257,935.85,4060.88,1475.33,3.953151253241133,28.80888888888889,13.279338047368162,26.6,17.491111111111113,18.7,0.9966666666666667,1.66,sme_distressed,0.5046478013778846
NW000524,9905.712777777779,781.0625847617257,8702.42,12535.89,8780.56,-13.96833823105736,58.28777777777778,12.499975980001889,32.0,34.525555555555556,11.3,0.9827777777777779,1.74,sme_seasonal,0.0788497104937205
NW000525,4358.818,736.40996767296,3528.81,6844.09,3737.8,-4.907417376630867,48.87777777777778,13.266361767900195,72.8,29.464444444444446,51.1,0.9795555555555555,1.56,sme_seasonal,0.1689471704652408
NW000526,3026.048444444444,772.2728220305253,2442.19,5731.39,2899.16,0.7666556364983158,43.75111111111111,15.928825150075346,40.2,25.60111111111111,17.3,0.9638888888888889,1.7,gig_worker,0.25520834719230934
NW000527,1030.2256666666667,603.5428149713018,483.07,3937.87,1135.37,4.5428616701650375,38.33111111111111,13.78358936671476,45.1,23.66111111111111,26.7,1.026888888888889,1.61,gig_worker,0.5858355450646915
NW000528,2314.684777777778,771.233838302032,1830.31,4922.8,2123.01,-0.27214018191547,41.99,12.877539457206494,49.6,25.424444444444443,26.4,0.9668888888888888,1.65,stretched_salaried,0.3331917355254127
NW000529,8207.717333333334,704.3917770222971,7383.1,10833.4,8152.41,8.424426390089302,75.05111111111111,7.82311820994937,83.4,45.19444444444444,53.2,1.0023333333333335,1.55,stable_salaried,0.08582066711308492
NW000530,5744.980444444444,791.9856057764583,4652.52,8992.14,5004.86,-15.770167839651021,52.54888888888888,12.712642954413218,62.9,31.504444444444445,35.6,0.9451111111111111,1.5,sme_seasonal,0.13785697156590504
NW000531,4913.3043333333335,832.0882460588695,4034.54,7614.76,4368.19,-7.458701156521406,49.33222222222222,13.112090893160854,23.2,28.95,2.2,1.0114444444444444,1.54,sme_seasonal,0.1693541025769018
NW000532,838.8903333333334,794.062435728274,-182.76,3898.69,-126.64,-16.41957270444911,24.114444444444448,11.696686951566512,12.3,14.143333333333334,5.1,1.0135555555555555,1.74,sme_distressed,0.9465628630777808
NW000533,2047.0637777777777,710.8018819845363,1235.59,4538.96,1235.59,-10.443141293163759,34.62777777777778,9.99242440892299,31.8,20.555555555555557,23.9,1.0278888888888889,1.55,sme_distressed,0.3472299640591357
NW000534,4160.348666666667,649.0761560573976,3625.06,6999.78,4056.38,1.2800352306868894,51.39666666666666,16.10701884830881,51.3,31.303333333333335,29.7,0.9985555555555556,1.42,freelancer,0.1560148458848876
NW000535,24248.594,781.1644976698418,23289.98,27057.51,23992.96,-6.281529242293324,77.27666666666666,8.605930147744932,82.1,45.20333333333333,50.2,0.9741111111111111,1.58,near_retiree,0.03221483677238531
NW000536,1297.3374444444444,707.1285334278185,899.98,3976.45,922.27,-0.2304902662880206,28.436666666666667,11.966924923923917,23.6,16.61111111111111,6.1,1.0053333333333334,1.61,sme_distressed,0.5450613766340726
NW000537,11223.908444444445,674.889413674335,10424.73,13992.82,10804.66,-9.417527595999546,61.80111111111111,14.030596537603051,51.5,37.09111111111111,29.5,1.0302222222222222,1.58,sme_seasonal,0.06012962570167688
NW000538,2655.0973333333336,803.9980987383187,2117.8,5393.18,2117.8,-2.2502126188418345,43.532222222222224,11.9016175633491,37.7,25.29111111111111,15.8,1.003111111111111,1.8,stretched_salaried,0.3028130414070138
NW000539,925.7562222222222,631.8028070255335,401.37,3296.73,863.67,-0.5895855455406056,34.68333333333333,11.758508752809076,29.2,21.35333333333333,21.0,1.0052222222222222,1.82,gig_worker,0.6824721150768275
NW000540,8755.961222222222,771.3893356296861,7931.79,11557.28,8873.8,8.318377989052129,73.76666666666667,7.850627971733333,54.1,44.178888888888885,33.9,0.9793333333333334,1.66,stable_salaried,0.08809876106713857
NW000541,1751.9897777777776,727.559222052204,853.45,4372.75,2175.01,13.350786516853926,31.96333333333333,11.670951647554306,35.5,19.375555555555554,20.8,0.9666666666666667,1.52,sme_distressed,0.4152759515383928
NW000542,1583.2302222222222,685.1585784114044,1106.27,4158.77,1359.3,0.8427106227106211,49.16444444444445,10.830702417499497,54.4,30.171111111111113,33.6,0.9831111111111112,1.51,young_professional,0.432759916274031
NW000543,1964.7085555555554,825.3988628067096,954.84,4571.34,2323.93,12.933740873358838,39.00111111111111,11.974049604043731,60.7,22.923333333333332,32.9,0.9783333333333333,1.57,stretched_salaried,0.42011262203381294
NW000544,2966.0424444444443,793.5312333598172,2240.29,6002.0,2377.42,-11.775683253076522,56.2,10.869636091610653,59.4,33.74,29.6,0.9755555555555555,1.87,young_professional,0.2675387315667527
NW000545,2694.7201111111112,781.2210624609216,1800.32,5127.76,3037.24,9.45507074947523,52.24777777777778,9.860877502464055,52.1,31.785555555555554,35.2,0.9823333333333333,1.71,young_professional,0.28990805361926864
NW000546,4206.027777777777,713.3451642706113,3544.0,7116.37,3747.85,-7.629037658970252,54.101111111111116,15.660574518745424,23.5,32.75666666666667,17.0,0.9890000000000001,1.62,gig_worker,0.16960067835013248
NW000547,9736.077666666666,752.6698916494651,9001.5,12228.7,9795.69,6.918302259538147,75.44888888888889,8.95929928595874,71.9,45.57,47.7,1.0097777777777777,1.5,stable_salaried,0.07730730150462697
NW000548,5297.444333333333,686.6533402582069,4802.38,7534.99,5083.63,-0.791058731530641,59.98222222222222,10.178337624779155,61.8,35.56444444444445,35.4,0.9828888888888888,1.54,young_professional,0.12961973681111646
NW000549,2446.7071111111113,844.8320749614655,1552.37,5552.72,1552.37,-12.039631888710552,48.135555555555555,15.133676347809535,57.8,28.0,32.4,0.9802222222222222,1.66,freelancer,0.3452935053504651
NW000550,18725.32522222222,652.1745903595324,17696.09,21388.93,18559.61,2.118588056138587,74.30666666666667,9.016947838077291,84.2,44.94,50.3,1.0322222222222224,1.65,near_retiree,0.03482847868434169
NW000551,4589.334,831.7322421589427,3643.35,7601.17,3646.17,-12.444977404617866,56.63444444444445,14.479797325472708,57.8,33.403333333333336,45.3,1.0187777777777778,1.54,freelancer,0.18123157786270136
NW000552,5768.825666666667,790.1531499809586,4659.37,8533.35,6108.16,13.798251224430997,51.17777777777778,13.370273734121648,58.4,30.51222222222222,35.3,0.9939999999999999,1.53,sme_seasonal,0.13696949702373717
NW000553,1028.0213333333334,723.2833461643172,274.02,3305.95,1067.31,2.9015485039305227,43.20111111111111,15.121414939178031,36.4,26.043333333333333,19.5,1.0076666666666667,1.67,freelancer,0.7035684209189406
NW000554,3870.5587777777773,724.83274878862,3260.13,6568.85,3856.33,1.264799357945407,47.275555555555556,14.967397611506277,52.4,28.124444444444443,28.0,0.9845555555555555,1.67,freelancer,0.1872682448203956
NW000555,5781.893888888889,850.1825636564076,4624.08,9048.91,5931.9,14.581583652302731,53.38666666666667,12.484230052350043,63.0,32.51555555555556,38.0,1.034111111111111,1.63,sme_seasonal,0.14704222872201272
NW000556,2427.618888888889,606.9076206427608,1994.09,4810.17,2360.6,-0.9119427089764267,46.128888888888895,15.636741840318717,31.2,27.844444444444445,13.1,1.0195555555555555,1.75,gig_worker,0.25000119393556863
NW000557,9077.239777777777,655.8497473224119,8570.6,11719.37,8658.61,-3.322199777750399,75.41666666666667,8.114576286819092,77.4,45.23777777777778,49.1,1.0327777777777778,1.65,stable_salaried,0.07225211224760356
NW000558,8432.26,744.48386973569,7490.84,11170.7,8696.13,11.814910318146271,74.95222222222222,8.624009179731019,73.2,44.78888888888889,43.3,0.965,1.49,stable_salaried,0.08828995663507647
NW000559,25765.372555555554,717.319159849125,24335.36,28901.39,25960.68,-2.449548421615899,78.09666666666666,8.642961025071143,70.4,46.63222222222222,46.8,0.995,1.59,near_retiree,0.02784043422242136
NW000560,3567.0937777777776,818.696820507545,2666.36,6141.52,2851.92,-13.178770218545473,56.78888888888889,11.334777392028544,26.9,33.47666666666667,19.4,1.0037777777777779,1.63,young_professional,0.22951368018633236
NW000561,9444.557111111111,817.0918629501977,8088.2,12539.34,9703.62,12.813740297156016,67.4088888888889,10.292799320529092,69.1,39.888888888888886,48.6,1.0026666666666666,1.77,near_retiree,0.08651457695024413
NW000562,1654.6034444444444,793.6927360869668,929.25,4514.23,952.61,-10.374172860847015,37.24777777777778,13.059889943767553,40.5,22.37666666666667,27.8,0.9773333333333333,1.56,stretched_salaried,0.47968758843812265
NW000563,8439.305444444444,689.0370647621888,7837.75,11139.67,8049.58,-3.653019467424038,74.36111111111111,9.301814423033244,86.1,44.589999999999996,54.9,1.0012222222222222,1.52,stable_salaried,0.08164618158426518
NW000564,8076.888666666667,696.0858747587486,7410.49,10726.79,8154.08,6.691610980779469,73.60444444444444,8.8222129139534,91.9,44.32555555555556,54.4,1.0065555555555556,1.49,stable_salaried,0.08618242784891862
NW000565,6134.415,723.810205250852,5552.94,8758.99,6046.37,-1.4275211754537753,60.69333333333333,14.313173000712132,51.9,36.75666666666667,35.7,1.015111111111111,1.64,gig_worker,0.11799172459816495
NW000566,3849.035222222222,795.9861308574201,3142.76,6480.42,3278.81,-7.40006148907274,55.974444444444444,10.83340195887224,51.2,33.00333333333334,22.3,1.0515555555555556,1.56,young_professional,0.20680146709539887
NW000567,2592.5965555555554,733.5021044724623,1826.75,5375.5,2546.93,8.291702761657824,44.904444444444444,14.839356349885984,38.3,27.912222222222223,22.7,0.992111111111111,1.69,gig_worker,0.2829218078303292
NW000568,2710.6785555555557,676.0658101892737,2071.26,5417.37,2195.71,-11.831483310696797,42.742222222222225,16.02441941157782,39.2,25.153333333333336,22.2,1.0066666666666666,1.67,gig_worker,0.24940832943975297
NW000569,1499.6772222222223,723.7851197930019,730.63,4248.44,871.47,-9.799029756760103,30.076666666666668,10.929138971194638,18.9,18.080000000000002,11.8,1.0017777777777777,1.52,sme_distressed,0.48262726743325257
NW000570,2245.757666666667,771.0519967675422,1741.6,5031.99,2163.56,3.469796024200502,40.12888888888889,13.261486388164439,41.7,24.406666666666666,19.4,1.0455555555555556,1.63,stretched_salaried,0.3433371321456955
NW000571,6268.957,702.2447717421708,5691.35,9130.6,6040.89,-3.4551830267111043,56.317777777777785,15.34335546104551,63.9,33.73777777777778,32.8,0.9927777777777778,1.57,freelancer,0.1120193952107457
NW000572,1581.7753333333333,838.129548897592,326.33,4693.57,1835.74,11.779911758653327,42.034444444444446,14.032051281656443,45.4,25.785555555555554,28.3,1.0144444444444445,1.69,sme_seasonal,0.5298663667559986
NW000573,2825.872111111111,606.8370149722549,2065.35,4810.11,3112.84,9.250528954191864,44.653333333333336,15.237978868603275,39.7,26.285555555555554,29.2,1.0142222222222221,1.75,gig_worker,0.21474326901993146
NW000574,2485.864222222222,660.0559623771403,1942.5,5210.57,2011.57,-8.487221467670915,53.82888888888889,10.346483356806996,45.6,32.336666666666666,24.7,0.990111111111111,1.55,young_professional,0.26552373877728835
NW000575,2113.552333333333,699.6201031877099,1209.42,4790.74,2498.22,6.987595587932662,42.46,14.167868378200813,36.5,25.61,19.4,1.0442222222222222,1.66,sme_seasonal,0.33101621954367344
NW000576,1180.7756666666667,660.7531715374066,449.42,3902.0,560.15,-7.70995703173231,26.456666666666667,11.622711687308264,22.0,16.014444444444443,12.7,1.03,1.83,sme_distressed,0.5595924697556776
NW000577,8527.731444444444,722.7714969236866,7981.71,11016.27,8220.09,-3.848814668477569,75.1711111111111,8.19361555299077,80.7,45.12888888888889,45.0,1.0442222222222222,1.66,stable_salaried,0.0847554243039103
NW000578,1095.0355555555554,815.2207430170024,205.53,4031.84,205.53,-14.039158908507225,30.47222222222222,12.28612104315846,14.8,18.756666666666664,17.5,1.045,1.54,sme_distressed,0.7444696556938813
NW000579,3007.210111111111,696.2554473004095,2256.31,5446.04,3128.69,2.952750133761364,48.51222222222223,16.380241782371183,52.0,28.234444444444442,33.2,0.9965555555555555,1.56,freelancer,0.23152869988294747
NW000580,1668.845111111111,692.5535898142426,979.44,4446.36,979.44,-7.133761698975189,37.16444444444445,12.025789806678267,22.6,21.96888888888889,17.0,1.005111111111111,1.55,stretched_salaried,0.4149897346393896
NW000581,2343.807222222222,763.8464921432924,1364.63,4999.29,2649.24,11.45971346256738,44.864444444444445,12.761787334853416,54.5,27.307777777777776,30.4,1.0061111111111112,1.54,gig_worker,0.3258998798625897
NW000582,1455.5905555555555,770.0426986357052,650.01,4255.02,650.01,-10.753750092604024,30.74,11.50146839672652,22.1,17.682222222222222,20.8,1.0103333333333333,1.5,sme_distressed,0.5290242477162836
NW000583,4434.545444444444,760.4485043623126,3567.33,7278.49,4829.29,8.408541877598063,51.64,15.46115683855891,52.8,31.71,40.5,0.9974444444444444,1.5,freelancer,0.1714828529528309
NW000584,1979.4314444444442,774.0088625418933,1027.68,5116.62,1129.56,-14.070354940939222,39.154444444444444,11.399272213227515,28.3,23.17,13.6,0.9640000000000001,1.59,stretched_salaried,0.3910258497278394
NW000585,2325.5913333333333,798.7531962907685,1527.28,4982.23,1580.17,-8.874458245873974,53.39222222222222,10.224999412409288,27.8,32.52444444444444,17.2,1.0054444444444444,1.56,young_professional,0.3434624066756793
NW000586,3103.716888888889,826.9550048676199,2045.47,5905.62,3520.25,14.875677326418888,44.367777777777775,13.336094704692762,54.8,26.80888888888889,24.3,0.983,1.45,stretched_salaried,0.26644021812300817
NW000587,10176.452555555556,694.7722733459141,9572.89,12742.64,9945.32,1.860491994896489,77.00999999999999,8.403263812152346,79.5,45.30111111111111,47.9,0.9777777777777777,1.49,stable_salaried,0.06827254090293206
NW000588,10346.908777777779,787.2323762109058,9754.55,13068.49,10410.78,3.285078240111924,77.90333333333334,7.992685560680475,72.0,46.47555555555556,47.0,0.9948888888888889,1.57,stable_salaried,0.07608382301597724
NW000589,8221.888555555555,788.1841318143611,7406.94,11093.09,7568.41,-10.690267687368921,73.64666666666666,8.190611232353206,84.3,43.30222222222222,53.2,1.019777777777778,1.63,stable_salaried,0.09586412251742121
NW000590,8644.638444444445,798.977278477552,7842.91,11267.93,8589.76,5.050916738691975,75.59222222222222,7.896610391832654,77.3,45.233333333333334,38.8,0.9493333333333334,1.47,stable_salaried,0.0924246032511657
NW000591,9735.244666666667,765.0350533941559,8872.89,12553.71,9913.35,6.255540684035008,76.23,8.444949956943551,78.8,46.16888888888889,44.2,0.9930000000000001,1.49,stable_salaried,0.07858406024592525
NW000592,3650.1924444444444,759.7418727559226,2871.23,6779.71,2917.52,-12.276937235049582,58.27888888888889,10.616189612927418,36.0,34.778888888888886,17.9,0.9939999999999999,1.72,young_professional,0.2081374843433918
NW000593,9247.096555555556,632.7457270049779,8640.06,12127.37,8752.67,-6.946333374490687,76.94444444444444,8.74722570607725,75.4,47.17888888888889,50.6,0.9773333333333333,1.45,stable_salaried,0.06842642154794318
NW000594,2444.6865555555555,776.474861215248,1839.45,5301.1,2046.86,-5.36069465366096,40.26,12.584543757047122,43.4,24.043333333333333,24.0,1.0215555555555556,1.75,stretched_salaried,0.3176173483061488
NW000595,5232.578444444444,819.4245954819147,4231.34,7891.42,4592.99,-6.918049141869387,51.29666666666667,12.128742443403887,33.2,30.35,21.7,0.9777777777777777,1.48,sme_seasonal,0.15660053722690345
NW000596,4710.982111111111,693.4799958400564,4027.47,7242.56,4831.89,3.295889780631353,50.65888888888889,15.404383546881245,29.9,30.939999999999998,13.2,1.0355555555555556,1.62,freelancer,0.14720497329090798
NW000597,3095.700777777778,711.6327064617883,2324.08,5865.26,2324.08,-12.016398814668486,57.09,9.965841096668408,59.2,33.57333333333333,35.4,1.0334444444444446,1.74,young_professional,0.22987774256807458
NW000598,8714.075222222222,722.6608314428262,7923.42,11328.28,8802.05,6.427917932254955,75.48,8.068585217727474,96.6,44.75,53.9,0.9803333333333334,1.67,stable_salaried,0.08293029529971589
NW000599,7504.69,581.1007712643692,7033.68,10376.8,7265.12,-2.622516195415082,74.10444444444444,7.98342258713292,71.6,44.28666666666667,46.2,0.9774444444444444,1.55,stable_salaried,0.07743168222329892
NW000600,6876.522999999999,799.9496456701211,6073.58,9435.48,7143.89,9.461778573486432,72.81777777777778,7.407293365747181,91.0,44.025555555555556,49.8,1.0282222222222224,1.67,stable_salaried,0.1163305417098323
NW000601,7775.895333333333,814.8473385886114,6947.97,10112.07,7854.05,8.614611021936836,73.79444444444445,7.976769094909801,72.3,44.443333333333335,46.6,1.0107777777777778,1.64,stable_salaried,0.10479144891464306
NW000602,711.0098888888889,738.8433138533705,-142.07,3535.39,214.08,-8.396531835205991,32.81333333333333,11.853982405774206,26.1,20.43,28.2,1.0277777777777777,1.63,stretched_salaried,1.0391463260911569
NW000603,8745.243444444444,768.9602618568593,7850.51,11822.13,9052.27,12.392501872659157,76.52777777777777,8.1733332875097,74.9,46.44111111111111,48.6,1.0447777777777778,1.66,stable_salaried,0.08792897153084442
NW000604,9445.43711111111,645.4315996871446,8733.36,12255.83,9016.0,-9.732366135736957,76.33333333333333,7.689084631600181,77.2,45.977777777777774,53.2,1.0192222222222223,1.6,stable_salaried,0.06833263427564333
NW000605,8945.107666666667,793.7518720750107,8178.01,11563.09,9159.19,6.327046055068483,75.29555555555557,6.931525621441438,78.3,45.16222222222222,44.6,1.0096666666666667,1.78,stable_salaried,0.08873586564339218
NW000606,1633.8932222222224,716.9750425331019,1093.02,4259.14,1177.48,-4.149906161254471,40.44888888888889,16.70964361567285,8.0,23.547777777777778,0.1,1.0105555555555557,1.75,gig_worker,0.4388138911292868
NW000607,2859.9705555555556,776.4790966305417,2348.53,5660.12,2447.93,-4.1624912540642915,43.19555555555556,11.35088880459069,41.5,26.082222222222224,25.5,1.0247777777777778,1.73,stretched_salaried,0.2714989827857542
NW000608,4063.4358888888887,687.508998924385,3435.06,6764.39,4133.65,7.499177100053494,52.126666666666665,14.767233695287546,53.5,30.783333333333335,31.2,0.9621111111111111,1.68,gig_worker,0.16919400667900739
NW000609,5557.185777777778,620.2213835651029,4739.21,8154.91,5601.19,6.179481746717712,51.57555555555556,14.16066169271516,47.5,31.09777777777778,27.5,1.0113333333333332,1.85,freelancer,0.11160709905457195
NW000610,1569.1393333333335,723.8146333652751,876.45,4391.23,1237.65,-6.64362283409475,50.48222222222222,10.179706379485333,57.7,30.57,44.4,0.9828888888888889,1.57,young_professional,0.4612813011497651
NW000611,9530.381888888889,651.3046998519217,8940.82,11800.79,8950.24,-5.684990986541576,76.05888888888889,7.825568787088142,78.1,45.74333333333333,48.8,1.0365555555555557,1.82,stable_salaried,0.068339832280095
NW000612,4576.289666666667,668.5199644669552,3720.77,7484.42,4656.03,1.4760544100094282,47.32333333333334,12.35838477137297,34.7,28.313333333333333,22.0,0.9853333333333334,1.85,sme_seasonal,0.1460834023109162
NW000613,3841.9543333333336,810.9409984204855,2963.0,6748.18,4016.18,11.0955078404741,56.57555555555556,9.954551904554744,71.6,33.785555555555554,39.6,0.9708888888888888,1.62,young_professional,0.2110751268917092
NW000614,8175.6106666666665,729.8818329676243,7430.49,10951.09,8297.84,10.864773428818335,75.88,7.601939433201726,76.1,45.89333333333333,49.3,1.0244444444444445,1.65,stable_salaried,0.08927551258568057
NW000615,4102.977666666667,666.7091611554862,3457.31,6790.77,3780.43,-0.027709346832974754,49.23444444444445,11.393810276164793,56.7,30.065555555555555,35.2,1.0092222222222222,1.6,sme_seasonal,0.16249397762311799
NW000616,2097.1251111111114,828.6184661856865,1067.41,4850.14,2575.94,14.673775692472319,34.58888888888889,11.096212983346405,39.1,21.234444444444442,20.3,1.035111111111111,1.77,sme_distressed,0.39512114074427485
NW000617,7898.825,707.6099542529521,7357.23,10579.82,7530.57,-5.8018271391530405,74.04,8.249668702915601,59.8,44.07333333333333,36.9,0.9935555555555555,1.47,stable_salaried,0.0895842045181343
NW000618,3613.492,745.6170720458944,3178.09,6380.67,3427.95,1.2501355722928826,48.85444444444444,11.67527071707991,57.9,29.407777777777774,36.0,0.9966666666666667,1.66,stretched_salaried,0.20634252740725434
NW000619,4747.238555555556,753.937907435802,4032.94,7435.03,4876.54,3.6306399143926944,48.49111111111111,13.499868034681217,64.1,28.75,44.5,1.0584444444444445,1.74,sme_seasonal,0.15881609879357975
NW000620,25090.488999999998,652.6123803693511,23867.87,27868.34,25634.83,10.749001687451049,80.0788888888889,8.364001172016485,79.6,48.21777777777778,51.5,0.9871111111111112,1.52,near_retiree,0.02601034919524092
NW000621,8099.818,647.1459501624693,7364.23,10300.76,7444.21,-9.289918590772508,74.81,8.032994460349144,75.3,44.715555555555554,53.2,1.0034444444444444,1.8,stable_salaried,0.07989635695054743
NW000622,2154.2574444444444,764.7512566805754,1300.27,4796.69,2347.96,10.903282956743631,41.26222222222222,12.811288717445553,52.5,24.95888888888889,31.6,0.984,1.6,stretched_salaried,0.3549952948533479
NW000623,2519.7470000000003,675.1734551641633,1725.96,5062.43,2798.95,9.630311314153987,46.398888888888884,12.99307070680407,39.5,27.412222222222223,20.0,0.978,1.5,gig_worker,0.2679528758895886
NW000624,6113.884666666667,565.9147614185911,5456.32,8414.21,5817.19,-5.194986870807094,55.47666666666666,12.684698824554838,52.5,32.73111111111111,31.5,1.0363333333333333,1.9,freelancer,0.09256222390062385
NW000625,1270.9026666666666,664.1983066297953,700.48,3687.51,1200.73,3.5377666378565173,49.06555555555555,10.937484881387805,43.5,29.5,37.5,1.0223333333333333,1.73,young_professional,0.5226193350997207
NW000626,1591.1974444444443,663.5110537347718,1052.59,4138.21,1552.27,3.7050734658599773,38.13333333333333,14.154437109530013,40.5,23.11333333333333,28.5,1.0421111111111112,1.62,gig_worker,0.4169885114203613
NW000627,3669.8918888888893,765.5524455528163,3023.62,6274.86,3215.33,-5.996664691114153,48.35222222222222,14.776493842828243,3.0,29.77111111111111,0.0,0.9753333333333334,1.62,gig_worker,0.2086035416658004
NW000628,18289.456333333335,710.276967797095,17019.53,21314.11,17805.19,-3.5580689797095135,75.27,8.562492680223231,85.8,44.95333333333333,52.3,1.0310000000000001,1.61,near_retiree,0.03883532429023514
NW000629,7554.868111111111,616.4946387437304,7075.8,10095.8,7213.08,-3.364901757418648,72.75111111111111,8.541047543105178,64.8,43.81333333333333,37.8,0.989111111111111,1.57,stable_salaried,0.08160230326682186
NW000630,3680.6542222222224,819.7882615061778,2884.31,6420.38,3024.92,-11.538411491130608,48.39333333333333,12.569195445902789,46.5,29.628888888888888,32.7,0.9806666666666667,1.65,stretched_salaried,0.22272895306400842
NW000631,12631.687999999998,859.9820228003463,11260.27,15383.14,11445.67,-15.765799399102828,70.07777777777778,10.205746098801812,62.7,42.49666666666666,34.1,0.9948888888888889,1.54,near_retiree,0.06808132236961097
NW000632,5530.064555555556,735.5065856244873,4893.33,8686.94,5182.97,0.5334364736386917,51.03888888888889,14.736637020082732,58.8,31.127777777777776,36.8,0.9987777777777778,1.51,sme_seasonal,0.13300144658991195
NW000633,3747.2431111111114,622.3844336761218,3129.59,6481.65,3693.03,0.778983907478295,49.568888888888885,14.543685795023544,51.3,30.218888888888888,37.0,0.9770000000000001,1.54,freelancer,0.1660912877071314
NW000634,2896.7635555555557,703.9061195803893,2121.53,5592.62,2259.49,-8.441588838128176,47.913333333333334,15.493653648213085,49.4,29.461111111111112,21.9,1.0190000000000001,1.8,freelancer,0.2429974369949537
NW000635,7581.215666666667,874.8552486638685,6713.7,10691.56,6986.14,-11.441391529818517,74.38222222222223,7.292255053842202,79.6,44.156666666666666,49.0,1.0047777777777778,1.66,stable_salaried,0.11539775243572876
NW000636,1165.55,697.7943454400372,729.29,3847.85,759.26,-1.4086761328559108,36.38666666666667,14.166079124189906,34.7,21.892222222222223,19.4,1.0023333333333333,1.54,gig_worker,0.5986824635923275
NW000637,416.3228888888889,681.2459403746593,-515.28,3219.05,-470.14,-11.88503486027081,40.1,13.690716940214589,60.8,24.673333333333332,34.5,0.984,1.7,freelancer,1.6363403467746278
NW000638,4229.728666666667,734.4346765059381,3796.48,6898.88,3816.14,-2.0942226612339137,48.50444444444444,12.642499318320443,24.7,29.563333333333333,13.2,0.9881111111111112,1.53,stretched_salaried,0.17363635693556814
NW000639,2050.4286666666667,804.0270751257575,1182.41,5125.57,1390.46,-13.449410215252925,40.715555555555554,11.750676873749057,39.0,24.276666666666667,15.4,1.015111111111111,1.47,stretched_salaried,0.3921263334816935
NW000640,3106.585,641.6132675595376,2236.39,5907.32,2318.78,-11.985765403136185,47.30888888888889,15.249185975286156,44.1,28.27444444444444,26.5,1.0046666666666666,1.87,gig_worker,0.20653330507922288
NW000641,8109.828333333334,804.6381314146153,7237.55,10842.2,8498.4,8.945635675186166,73.24222222222222,7.584134501038183,74.3,44.394444444444446,42.0,1.0724444444444443,1.55,stable_salaried,0.09921765274702056
NW000642,3127.0575555555556,734.1341824757588,2356.77,5868.03,2447.05,-10.121198337243282,43.47666666666667,12.250100205964838,20.8,25.47888888888889,14.3,0.9943333333333333,1.63,stretched_salaried,0.23476836272856255
NW000643,791.4647777777778,677.5830569035498,79.21,3747.49,79.21,-8.554007243692636,31.60222222222222,13.22697259371948,22.9,18.482222222222223,11.4,1.0201111111111112,1.5,stretched_salaried,0.8561127114285774
NW000644,2066.828111111111,742.8266368646979,1551.22,4769.69,1634.68,-3.7125030250648354,40.16555555555556,12.616853015905702,52.7,24.17666666666667,34.9,0.9693333333333333,1.65,stretched_salaried,0.3594041676089648
NW000645,8860.755,751.917571891802,8150.68,11095.19,8263.97,-8.946746594229726,74.9211111111111,8.295775213445093,91.1,45.15888888888889,53.5,0.9622222222222222,1.54,stable_salaried,0.08485931186358296
NW000646,4532.255777777778,781.6555263187679,3475.89,7874.66,4677.56,10.99479639461662,48.242222222222225,13.015763802627673,27.5,28.29111111111111,10.4,0.9732222222222222,1.76,sme_seasonal,0.1724650074144808
NW000647,4961.291111111112,820.0956559436395,4164.18,8063.52,5263.02,9.206720171214558,61.29888888888888,10.91150814450118,69.1,36.181111111111115,33.4,1.034,1.7,young_professional,0.1652988380599126
NW000648,4302.666,725.0525831822997,3798.93,6933.39,3806.98,-2.843363378194843,59.888888888888886,10.68059717688722,34.7,36.11222222222222,25.7,0.9568888888888889,1.48,young_professional,0.1685124021205224
NW000649,3054.7753333333335,709.7845489439387,2178.96,5471.42,2321.19,-8.106954932707735,44.98777777777778,13.339615982358861,41.6,27.19777777777778,31.2,0.9465555555555555,1.45,sme_seasonal,0.23235245525222653
NW000650,1659.0944444444444,739.433388199721,732.61,4278.37,733.53,-13.821311766884804,43.70888888888889,15.544467887246185,30.3,26.511111111111113,8.6,0.9967777777777778,1.46,freelancer,0.4456849281098785
NW000651,8913.233444444444,734.9870887150942,8186.98,11545.64,9038.3,10.118194591924933,75.01666666666667,8.443390474011562,80.6,45.28888888888889,39.4,0.9914444444444445,1.64,stable_salaried,0.08246020855351954
NW000652,2494.946111111111,718.3192555514175,1699.22,5137.01,2062.05,-7.788580400872529,47.067777777777785,15.654060949789523,35.0,27.99,25.9,0.9892222222222222,1.58,freelancer,0.28790972773015844
NW000653,3583.6351111111107,675.358317857584,2902.99,6290.68,2902.99,-8.685962876075223,56.94888888888889,10.679343122967692,58.0,34.446666666666665,34.6,0.9965555555555555,1.52,young_professional,0.1884562174769485
NW000654,12439.472666666667,803.9125450001009,11173.3,15424.22,12264.54,-7.563945013787776,71.54444444444445,8.030491206254625,68.7,42.55,42.9,0.9796666666666667,1.66,near_retiree,0.06462593443806494
NW000655,3238.173888888889,749.1987959262151,2488.26,5719.41,2593.1,-8.748016545252517,49.531111111111116,14.823202617188105,49.7,29.32,33.9,1.019888888888889,1.66,gig_worker,0.23136459672438617
NW000656,8234.997777777779,756.1666780185229,7195.63,11309.7,7562.68,-15.582655801127755,74.22444444444444,8.009044201010058,75.4,44.38777777777778,46.8,0.9644444444444444,1.6,stable_salaried,0.0918235436637331
NW000657,1508.9833333333333,717.4024564458965,764.19,4548.05,869.14,-10.05209515578055,35.59777777777778,10.73418332410322,30.9,19.936666666666667,10.4,0.9713333333333334,1.63,stretched_salaried,0.47542106039114407
NW000658,3135.800111111111,802.4321066810402,2234.67,5830.99,2381.5,-11.334467547433832,48.47666666666666,14.730699045938803,46.1,28.846666666666664,34.0,0.9942222222222222,1.55,gig_worker,0.2558938957358202
NW000659,4364.054,736.9941821531836,3680.79,7132.89,4531.51,5.832336996336957,58.97111111111111,9.375383071657637,60.5,35.55888888888889,37.6,1.008,1.83,young_professional,0.16887833701259966
NW000660,1918.6104444444445,701.9795533817866,1236.12,4626.81,2001.17,6.329700621475888,53.10777777777778,11.589303745194401,65.6,31.806666666666665,36.2,1.0066666666666666,1.5,young_professional,0.36587914728310195
NW000661,1187.205,594.5988887982488,553.91,3451.89,580.38,-7.979503230851549,36.45888888888889,13.479838415032312,23.7,21.657777777777778,14.0,0.9745555555555555,1.76,gig_worker,0.5008392727441755
NW000662,1548.1375555555555,785.5384434356512,956.44,3880.22,1546.06,4.353384697699304,31.65111111111111,12.101019034482542,29.6,18.816666666666666,18.1,0.9914444444444445,1.53,sme_distressed,0.5074086864030357
NW000663,5216.640444444444,820.6879954845109,4764.52,7786.91,4924.48,-1.1278068897394862,61.76111111111111,10.61684790442615,81.3,36.20111111111111,48.8,0.9677777777777777,1.58,young_professional,0.15732117331538872
NW000664,1906.0648888888888,697.8108811908959,1264.08,4376.31,1844.09,4.40489525455817,39.56,13.535361926151444,59.5,24.574444444444442,38.4,0.9894444444444445,1.47,stretched_salaried,0.36610027563000436
NW000665,10186.184777777778,774.6325478069323,9146.15,13387.29,10559.07,14.195332345557008,75.98111111111112,7.549297079331955,79.9,45.62777777777778,46.9,1.0287777777777778,1.63,stable_salaried,0.0760473685394824
NW000666,8143.2247777777775,576.8587513912669,7672.43,10646.43,7882.5,0.19553039469886935,75.27,8.44106402047472,75.0,44.656666666666666,50.1,0.9743333333333333,1.59,stable_salaried,0.07083910454804947
NW000667,1242.139888888889,844.11267624581,309.16,4278.25,1579.86,13.781398608881748,34.80222222222222,14.001468444479237,57.4,20.788888888888888,33.8,0.966,1.46,stretched_salaried,0.6795632954037731
NW000668,10591.285777777777,754.5179496513103,9868.69,13211.98,10545.0,5.761765156192036,76.7088888888889,8.495731174523053,77.2,46.35888888888889,50.9,0.9858888888888889,1.57,stable_salaried,0.07123950438901483
NW000669,5945.982444444445,778.8411298822149,5209.01,8543.49,6053.76,8.96439560439557,71.38111111111111,7.206409357662959,73.9,43.07333333333333,40.5,1.0453333333333332,1.56,stable_salaried,0.13098611325533183
NW000670,418.5323333333334,584.6359944579556,-19.55,2632.04,80.57,-3.5014740091369285,29.09888888888889,12.723485269502453,23.3,16.99888888888889,15.9,1.0053333333333334,1.65,stretched_salaried,1.3968717537345714
NW000671,9923.537555555555,788.2583172281478,9216.96,12869.11,10011.27,7.260225377618572,76.65777777777778,8.452976043678714,77.7,46.531111111111116,45.5,1.0003333333333333,1.55,stable_salaried,0.0794331973668858
NW000672,10134.116444444444,768.4294791198959,9088.54,12691.82,9251.33,-12.607430053093022,60.15222222222222,13.924218879733846,61.0,34.77444444444444,38.8,1.0776666666666666,1.64,sme_seasonal,0.07582599660586606
NW000673,9522.746111111112,655.6754471307434,9074.23,12010.7,9174.58,-1.287802362431587,75.91888888888889,7.773621405934073,87.1,46.13444444444445,48.9,1.0246666666666666,1.56,stable_salaried,0.06885361002806777
NW000674,2713.1458888888887,724.9827019864254,2133.21,5338.42,2257.35,-2.0390345310120708,46.062222222222225,12.892804175222091,52.7,28.022222222222222,26.9,1.0076666666666667,1.75,freelancer,0.2672111016792122
NW000675,462.5756666666666,801.0849971919056,-316.28,3243.54,-167.74,-8.588318640161335,30.47555555555556,14.97466257886339,44.9,18.894444444444446,12.5,1.0382222222222222,1.73,gig_worker,1.7317923421362538
NW000676,2122.2495555555556,773.0302867330244,1606.81,4798.66,2000.6,2.5253377783265303,33.38666666666667,11.968096166170145,33.1,19.695555555555554,20.5,0.9876666666666667,1.52,sme_distressed,0.3642504175389793
NW000677,7096.179222222222,681.8257362508364,6520.06,9852.56,6699.75,-3.933968720418181,74.33333333333333,7.938159863751294,87.1,45.193333333333335,62.4,0.9932222222222222,1.55,stable_salaried,0.09608349999329886
NW000678,1715.9425555555554,606.357993257925,1116.22,4081.52,1568.26,3.764635716343574,38.17666666666667,14.678058607812615,15.6,23.07,8.3,1.0010000000000001,1.61,gig_worker,0.3533673031738582
NW000679,1903.345888888889,718.5544179714433,1373.3,4515.41,1427.86,-4.592594394369671,34.62555555555556,12.540348911074428,43.1,20.315555555555555,16.4,1.003111111111111,1.54,sme_distressed,0.37752172222932734
NW000680,6715.051777777778,861.8686471971946,5614.66,10181.55,6065.39,-16.142386302835778,52.690000000000005,12.219408488966424,39.3,30.75222222222222,21.8,1.0061111111111112,1.7,sme_seasonal,0.12834877164304073
NW000681,8438.828666666666,569.8434950531432,7791.93,10624.29,8702.56,4.104755978104255,55.60444444444444,14.752770915590403,53.6,33.67777777777778,34.6,0.9470000000000001,1.63,sme_seasonal,0.06752637333472859
NW000682,889.4864444444445,775.7676566107896,236.41,3481.79,793.3,6.0571229369881046,31.729999999999997,14.298915257042747,16.1,19.211111111111112,19.9,0.9675555555555555,1.53,stretched_salaried,0.8721523092972132
NW000683,9385.836555555556,734.8200809556329,8804.45,12150.47,9323.73,1.9422128657858728,76.38111111111111,7.297496791757969,75.0,46.37222222222222,44.9,0.9885555555555555,1.56,stable_salaried,0.07829031292055547
NW000684,3835.9693333333335,630.9995617990253,3343.84,6578.76,3621.24,1.8182916409433059,58.067777777777785,10.562482128463337,64.2,34.87888888888889,33.6,1.0051111111111113,1.52,young_professional,0.16449546567430637
NW000685,2160.911777777778,705.230897096317,1424.64,4506.31,1600.01,-9.753707865168534,36.4,11.64013784234379,16.7,21.78111111111111,9.9,1.0775555555555556,1.74,sme_distressed,0.3263580236586785
NW000686,658.2246666666667,732.2146762064625,-139.46,3192.47,443.68,4.051537226818124,42.57888888888889,13.210716576303714,36.9,25.874444444444443,26.1,1.0254444444444446,1.62,freelancer,1.1124084424160077
NW000687,4618.248777777778,768.0793583967207,3872.38,7059.0,3921.17,-8.775615343458064,58.771111111111104,10.425015770143483,65.8,35.00333333333334,42.8,1.000888888888889,1.54,young_professional,0.16631398509594958
NW000688,1849.744888888889,740.0176131721755,1234.03,4364.47,1337.35,-5.517625221220735,37.81444444444444,14.294719392030014,17.9,22.644444444444446,5.9,0.9822222222222223,1.6,stretched_salaried,0.4000646887132051
NW000689,20012.983333333334,780.0810839531825,18752.82,22838.24,20168.74,5.64675704819523,74.50666666666667,9.004553155381442,73.2,44.78333333333333,50.5,0.9698888888888889,1.52,near_retiree,0.03897875049213132
NW000690,9150.97188888889,599.7541397375654,8675.98,11844.31,8979.47,3.2403892661645273,76.15333333333334,7.416974155137492,68.7,46.36,49.6,0.9527777777777777,1.47,stable_salaried,0.06553993903814599
NW000691,4617.0,725.2866265108614,3900.61,7584.45,3973.96,-9.141281145820466,50.205555555555556,11.335123509198697,41.6,30.28666666666667,15.9,1.0147777777777778,1.57,stretched_salaried,0.1570904540850902
NW000692,677.5342222222223,727.0639329012222,-50.87,3626.59,763.34,10.844755319586774,32.82222222222222,13.130424210590549,25.6,19.846666666666668,12.4,1.0381111111111112,1.64,gig_worker,1.0731028914178666
NW000693,2421.6864444444445,696.205655962344,1873.32,5163.92,2263.97,-1.2078939786804976,44.69888888888889,14.395625852854776,37.0,27.585555555555555,20.9,0.9856666666666666,1.62,freelancer,0.2874879436020709
NW000694,1998.3504444444445,705.0370302840201,1268.59,4724.93,2250.59,9.307973823928862,38.60111111111111,13.419083295977023,30.4,23.125555555555557,21.1,0.9600000000000001,1.45,stretched_salaried,0.3528095045811774
NW000695,10145.545666666667,705.1755190150113,9468.09,13101.15,10180.33,5.735767131744672,76.43111111111111,6.691595339660249,72.7,45.45444444444445,40.1,1.0496666666666667,1.49,stable_salaried,0.06950592330700116
NW000696,2625.5323333333336,810.9591544682398,1719.33,5255.27,1762.86,-12.55270206198298,53.56666666666667,8.558063416346144,81.4,32.06333333333333,47.3,1.0401111111111112,1.65,young_professional,0.30887418302659375
NW000697,3392.143444444444,751.9227198101239,2908.94,6185.67,2963.32,-3.5000572087089075,47.18444444444445,12.134350082929087,64.6,28.14888888888889,37.3,1.007111111111111,1.6,stretched_salaried,0.22166595609086095
NW000698,3979.0392222222226,737.3076357424407,3472.71,6779.46,3855.39,2.7910626826357086,60.36,10.697167534372214,57.2,35.904444444444444,34.2,0.9673333333333334,1.89,young_professional,0.1852979059931627
NW000699,8619.440555555555,641.4347114268785,8074.06,10804.47,8614.39,1.9553013952339973,74.86555555555555,7.5392182277503395,64.9,44.50222222222222,37.2,0.9937777777777778,1.56,stable_salaried,0.07441720924839484
NW000700,4105.357444444444,753.686534953226,3316.14,6993.61,4077.34,7.778494546651844,48.51333333333333,17.603339826115608,60.0,29.335555555555555,47.7,1.0094444444444444,1.67,freelancer,0.18358609333108103
NW000701,4972.409,643.8523620776128,4281.15,7632.35,4763.7,0.04350273696338378,51.90555555555556,15.774331027045537,62.7,31.30888888888889,37.4,0.9774444444444444,1.52,freelancer,0.12948499652333767
NW000702,9446.552222222223,804.6579809812391,8463.22,12261.97,9810.67,12.33504844219454,76.61666666666666,7.794138535182575,97.0,45.82111111111111,60.9,0.9941111111111111,1.55,stable_salaried,0.0851800701517691
NW000703,2358.929222222222,690.5008939554828,1650.72,5174.51,2411.96,7.188349096596287,41.32222222222222,12.033854657905362,58.6,24.533333333333335,33.1,1.0004444444444445,1.67,stretched_salaried,0.2927179363630921
NW000704,7903.346111111111,655.4232823809003,7066.49,10681.67,8085.0,8.1815885911841,75.12222222222222,8.082451204811093,92.5,45.6,58.3,0.9536666666666667,1.68,stable_salaried,0.08292984682265878
NW000705,7315.522777777778,610.7422249962098,6905.06,9927.37,7070.9,-2.396309420916184,73.25444444444445,7.714952082997427,70.0,44.074444444444445,42.4,0.9637777777777777,1.47,stable_salaried,0.08348579364026446
NW000706,1787.3625555555557,714.6161570445536,1174.95,4334.14,1878.82,6.291382722146766,31.285555555555554,11.393192932339387,40.8,19.24888888888889,28.0,0.9743333333333333,1.47,sme_distressed,0.3998160053333072
NW000707,3183.089888888889,717.1932926462999,2499.37,5783.03,3174.33,7.120208173848614,46.25888888888889,13.263228668262368,44.6,28.705555555555556,28.7,0.995,1.93,stretched_salaried,0.22531355308242593
NW000708,5227.278444444444,780.5245016271105,4258.74,8223.01,5424.11,12.416397744577493,50.19888888888889,14.919420225838406,54.0,30.07,26.0,0.9734444444444444,1.84,sme_seasonal,0.1493175674344749
NW000709,929.4762222222222,720.1435706897568,256.63,3620.43,968.49,6.568668066016378,34.44111111111111,12.010808750515022,24.8,20.711111111111112,16.2,0.9937777777777778,1.62,stretched_salaried,0.7747842854634989
NW000710,3723.8386666666665,753.7438123325878,3118.64,6454.75,3701.01,4.127326995102268,55.77444444444444,9.981697420567073,63.5,33.068888888888885,39.1,1.0118888888888888,1.64,young_professional,0.20241043713295165
NW000711,12624.539444444445,807.7101098192237,11298.7,15263.42,12250.96,9.04193628843062,70.42444444444445,7.816006496482627,65.9,42.89,34.0,0.9685555555555556,1.58,near_retiree,0.06397937234650287
NW000712,4982.298111111111,799.7320815472782,4127.41,7865.29,5280.89,10.517701033049333,61.17444444444444,9.608476607745787,51.2,36.84888888888889,37.3,1.0017777777777777,1.92,young_professional,0.16051469898274082
NW000713,4590.307444444445,616.0937558440476,4069.81,6867.03,4216.25,-2.5589411861546774,51.98111111111111,14.08721545235249,23.9,30.85111111111111,16.7,0.9317777777777778,1.36,freelancer,0.13421622915251424
NW000714,476.8841111111111,843.7123478245845,-415.1,3332.45,-390.84,-13.623747705478042,32.79222222222222,13.564239400418298,28.9,19.834444444444443,13.1,0.9956666666666667,1.56,gig_worker,1.7692188273138014
NW000715,419.5827777777777,674.8280302534806,-290.96,3349.47,-208.01,-11.350410914927764,31.229999999999997,12.686659807792266,39.8,19.452222222222222,20.9,0.9945555555555556,2.15,stretched_salaried,1.6083310993543392
NW000716,589.7147777777778,661.0561646866132,128.04,2808.0,309.47,-1.3714001728608478,24.13666666666667,11.688440943316316,26.4,14.204444444444446,16.9,1.0043333333333333,1.61,sme_distressed,1.1209760880974886
NW000717,6836.576444444445,763.0050927353145,5857.8,9770.71,5857.8,-10.398939622175595,53.248888888888885,12.340672176295604,54.9,31.207777777777775,25.0,1.029,1.49,sme_seasonal,0.1116063133259264
NW000718,1683.465222222222,819.1216368909958,893.12,4590.05,1813.07,9.802976910729713,30.43777777777778,11.210704934061983,56.5,18.177777777777777,28.5,0.9635555555555555,1.77,sme_distressed,0.4865687904201144
NW000719,8635.063666666667,739.1909969377473,7907.67,11161.65,8592.65,5.418040992715135,75.90555555555555,7.861888744551808,57.5,45.49666666666666,37.2,1.0167777777777778,1.49,stable_salaried,0.08560342175486148
NW000720,18376.196555555554,754.0418910250188,17236.44,20895.59,18114.22,-1.0123505782606963,75.15777777777778,9.52607277013841,69.5,44.70444444444445,38.9,0.9777777777777777,1.59,near_retiree,0.041033621334282816
NW000721,1933.6113333333333,735.9676965862205,1037.83,4293.38,1037.83,-14.71599604889493,34.06333333333333,12.306666230456774,28.9,20.86777777777778,10.4,1.0433333333333334,1.5,sme_distressed,0.3806182162355726
NW000722,7233.670333333333,794.9916018374171,6507.01,10199.63,6507.01,-8.274762892538224,73.21777777777778,8.538986306410946,74.8,44.10333333333334,45.6,1.0152222222222222,1.59,stable_salaried,0.10990155276693106
NW000723,8628.568555555556,840.5467620751205,8060.6,11371.28,8455.25,2.306146684775891,76.28222222222222,7.496929375579176,76.0,45.51444444444444,46.8,0.9792222222222222,1.89,stable_salaried,0.09741439227876672
NW000724,20065.45022222222,855.6560092700513,18745.8,22730.29,20389.74,11.657171667284004,74.56888888888889,8.887621039419074,78.4,44.70888888888889,37.2,0.9993333333333333,1.69,near_retiree,0.042643249954213515
NW000725,2510.8626666666664,739.4725649700405,2063.02,5233.95,2434.95,0.19466074000904038,54.08111111111111,10.553106943800527,52.6,31.68888888888889,30.8,1.0081111111111112,1.71,young_professional,0.29450936317108034
NW000726,5475.2844444444445,664.4563568815108,4803.44,7809.56,5621.88,-0.6106712762892997,49.35222222222222,13.16256376599493,38.8,29.776666666666667,12.4,0.9617777777777778,1.46,sme_seasonal,0.12135558684183222
NW000727,10581.696222222223,778.4596550442645,9612.42,13320.4,11036.61,12.898367041198458,77.80222222222223,8.60154124911198,77.6,45.687777777777775,44.0,0.9633333333333334,1.65,stable_salaried,0.07356662284534786
NW000728,2979.7291111111113,615.8559230268806,2413.46,5761.3,3081.95,0.6775264435938476,45.55777777777777,13.580306112432288,18.8,28.52111111111111,15.7,0.9747777777777779,1.6,sme_seasonal,0.20668184927630354
NW000729,1797.5505555555553,667.1258621043349,1324.54,4464.2,1550.71,-2.7323120549862208,39.78,11.18340664867655,46.7,22.70777777777778,24.1,0.976111111111111,1.64,stretched_salaried,0.371130514267039
NW000730,9617.652444444444,658.9730142712813,8967.96,12281.69,9752.0,6.606414125200658,75.8411111111111,9.400154127883493,78.1,46.507777777777775,42.1,0.9604444444444444,1.68,stable_salaried,0.06851703345257933
NW000731,9281.806444444444,804.9841538007828,8442.3,12299.08,9481.52,10.020712351319073,76.95222222222222,8.334027012327072,69.4,45.80666666666667,46.4,0.9984444444444445,1.56,stable_salaried,0.08672709979667804
NW000732,4067.417111111111,828.1875379924178,3033.23,6683.33,4650.52,15.248607317775845,48.54888888888888,13.413654324868602,52.1,29.484444444444442,30.6,1.0216666666666667,1.68,sme_seasonal,0.20361509905881742
NW000733,4189.389999999999,736.2795640717344,3593.04,6761.42,3720.94,-4.6455674363089905,58.904444444444444,10.939187479954718,57.3,36.455555555555556,33.8,0.9712222222222222,1.59,young_professional,0.17574863263428195
NW000734,838.3731111111111,754.5152545090401,64.39,3616.39,676.67,7.37883277770918,40.82888888888889,12.705313799806778,58.2,24.439999999999998,38.0,0.9991111111111112,1.56,freelancer,0.8999754936189059
NW000735,1889.7733333333333,735.2977705068603,1129.83,4574.17,2237.85,8.484162653825566,39.16222222222222,13.898691052893085,40.3,23.00111111111111,25.7,0.9718888888888889,1.5,gig_worker,0.38909310314474765
NW000736,3283.7672222222222,602.1925704354902,2464.46,5435.51,3212.73,5.500160266699582,46.40888888888889,13.911313352843388,28.8,28.407777777777774,25.8,1.0258888888888889,1.56,sme_seasonal,0.1833846706186344
NW000737,3395.3633333333337,768.783653243474,2776.97,6150.02,3150.77,3.074466148084111,47.65222222222222,13.66223555643441,26.7,28.322222222222223,17.6,1.049111111111111,1.65,gig_worker,0.22642161611868947
NW000738,8494.893888888888,857.8023010239656,7408.35,11505.52,8657.65,14.50682051282049,57.46111111111111,13.568988887375426,48.8,35.12444444444444,28.6,1.0244444444444445,1.69,sme_seasonal,0.10097857751301048
NW000739,675.7978888888889,745.8231328764853,-137.3,3537.88,-96.34,-11.17961616660493,33.39333333333333,13.002193419106838,13.0,19.894444444444446,4.8,0.9720000000000001,1.71,gig_worker,1.1036186190263604
NW000740,2276.044888888889,750.3901247287554,1578.55,5012.04,1801.96,-8.379887887393513,39.284444444444446,16.49197224604428,35.4,23.81222222222222,15.0,0.9752222222222222,1.68,gig_worker,0.32969038896903213
NW000741,1604.4447777777777,785.7736453598359,962.09,4447.14,1606.85,4.14736955179651,38.52444444444444,13.559956838543808,27.2,23.984444444444442,16.2,0.9552222222222222,1.69,gig_worker,0.48974801516582256
NW000742,1760.8984444444443,638.5906674962322,1189.17,4505.15,1189.17,-4.893108943490963,37.50111111111111,11.826056685518152,31.7,22.68111111111111,16.3,1.033777777777778,1.61,stretched_salaried,0.36265048078778034
NW000743,14647.506444444445,785.1209760304121,13649.52,17395.6,14507.74,-4.025104169239102,71.08111111111111,8.26550833071044,81.9,42.08444444444444,40.5,0.9973333333333334,1.58,near_retiree,0.053600998846339155
NW000744,8120.324333333333,660.6093336229626,7409.19,10932.08,7443.23,-12.039464378318334,63.09,15.868766935239288,77.9,38.12,46.8,0.9967777777777779,1.55,freelancer,0.08135257983615383
NW000745,2390.626111111111,781.6747944611897,1412.1,5133.27,2806.32,13.56776779026216,41.095555555555556,13.64794021674334,37.8,24.92666666666667,20.7,0.9951111111111112,1.66,stretched_salaried,0.3269749254507574
NW000746,5335.325111111111,694.5541948071043,4662.21,8035.17,4662.21,-6.721024817878754,52.98666666666667,14.216869232940033,71.5,32.28666666666667,39.8,0.9792222222222222,1.6,sme_seasonal,0.13018029461047398
NW000747,1681.7272222222223,728.9099041936,1068.5,4182.76,1202.09,-5.623103839980247,41.156666666666666,15.369443272833731,33.5,24.90111111111111,22.0,1.004,1.7,gig_worker,0.4334293306083395
NW000748,4095.6915555555556,652.1378505129958,3538.5,6877.76,4087.16,3.199080544923252,49.34777777777778,16.258565436791223,44.6,29.743333333333336,33.6,1.010888888888889,1.55,freelancer,0.15922533268610292
NW000749,390.5673333333333,592.5085624409513,-147.88,2870.95,-133.75,-9.702692019590888,21.9,11.714612022233629,31.5,13.992222222222221,23.2,0.9743333333333333,1.47,sme_distressed,1.5170458762747303
NW000750,3691.4784444444444,722.0511648759223,2839.44,5781.11,3964.26,9.585471951269701,58.718888888888884,9.863083986150208,58.3,35.361111111111114,33.6,1.0122222222222221,1.67,young_professional,0.1955994531032914
NW000751,6408.068,721.7670536193357,5943.44,9243.13,6060.71,0.9134177882042747,71.39111111111112,8.260283266961068,67.7,43.281111111111116,38.6,1.0126666666666666,1.72,stable_salaried,0.11263411274963618
NW000752,1390.8194444444443,617.5281786289687,972.81,4011.9,1206.93,0.027197184837624656,28.79888888888889,12.525331585863515,32.0,17.59888888888889,17.9,0.9938888888888889,1.64,sme_distressed,0.444003124270122
NW000753,2323.999333333333,695.4500194915424,1667.29,4924.32,1802.51,-6.877674610034173,54.596666666666664,10.107839320563867,44.4,32.82222222222222,16.7,0.9876666666666667,1.67,young_professional,0.29924708218141016
NW000754,5125.067222222222,680.236125280877,4389.35,7446.27,5251.37,7.580697781619109,55.092222222222226,12.288024935033091,64.7,33.79111111111111,34.7,0.981111111111111,1.52,stretched_salaried,0.13272725913357436
NW000755,7787.047,809.0572939302174,6867.51,10369.84,6999.19,-12.592539078898609,76.06555555555555,7.878118766930828,68.3,46.84111111111111,47.8,0.9873333333333333,1.49,stable_salaried,0.10389783109440812
NW000756,3687.443888888889,598.8298960992469,2943.09,5911.96,3580.63,1.136872618018661,44.595555555555556,13.358740025958607,32.7,26.693333333333335,20.5,1.0175555555555555,1.79,sme_seasonal,0.16239701922072852
NW000757,2539.7697777777776,608.7541595916819,1821.33,4765.68,2785.23,6.781579124994849,54.37777777777778,9.67475317198462,42.4,33.178888888888885,29.3,1.0076666666666667,1.55,young_professional,0.2396887170317947
NW000758,8155.198777777778,720.8130391951646,7350.24,10561.12,8061.28,1.9072118368522115,61.59333333333333,15.978425060553695,58.4,37.568888888888885,43.7,1.026111111111111,1.67,freelancer,0.08838693682848281
NW000759,3920.728,803.6942778939953,3204.1,6561.17,3773.51,-6.189089846483117,48.09888888888889,13.180488596802352,69.1,27.57111111111111,30.9,0.9818888888888889,1.45,sme_seasonal,0.204985981657997
NW000760,7220.005222222222,729.2693310126016,5887.69,9553.98,7632.56,12.456287525208836,55.92888888888889,12.46742492036022,63.0,33.52777777777778,38.5,0.9720000000000001,1.62,sme_seasonal,0.10100675949208554
NW000761,10321.611222222222,924.4462124991957,9367.58,13375.05,9367.58,-12.613963781536876,74.73666666666666,9.55883555035087,94.4,44.995555555555555,59.7,1.0238888888888888,1.63,stable_salaried,0.08956413805907372
NW000762,2211.4821111111114,698.1373510486322,1579.59,5179.92,1623.96,-6.0338709305675655,39.105555555555554,11.624338677442696,52.3,23.961111111111112,30.8,1.0242222222222224,1.65,stretched_salaried,0.315687541645032
NW000763,1750.1088888888887,757.3290378818023,1076.3,4676.52,1221.05,-9.32051644235913,36.217777777777776,12.552823915942948,40.3,21.92222222222222,25.0,1.0474444444444444,1.44,stretched_salaried,0.4327325246388619
NW000764,14778.232666666667,797.924732398103,13739.31,17697.79,15425.21,10.64695822529524,72.04666666666667,9.097637673371864,84.4,43.63111111111111,59.8,1.0042222222222221,1.55,near_retiree,0.053993244686008884
NW000765,9100.852555555555,701.4605507076031,8634.86,11703.58,8894.08,-0.9535210931391178,75.9888888888889,6.551377665297451,79.2,45.10333333333334,42.1,1.0194444444444444,1.61,stable_salaried,0.07707635591562256
NW000766,2571.0517777777777,561.9068036256981,1845.4,4900.03,2541.55,-3.0421075852985964,43.33222222222222,17.49447956445007,21.0,26.675555555555558,6.2,1.0177777777777777,1.69,freelancer,0.21855133703739243
NW000767,10162.484666666667,727.9339634347318,9212.63,13086.25,9583.87,-3.7248292381776325,67.83111111111111,10.218672536806427,54.9,41.19111111111111,28.4,1.014888888888889,1.6,near_retiree,0.07162952637187071
NW000768,4042.092666666667,813.1576479307778,3069.27,7032.05,4248.0,7.92101987899739,49.39333333333333,12.0049970868876,36.2,29.17,15.1,1.0182222222222221,1.62,sme_seasonal,0.20117244085879718
NW000769,1053.4416666666666,795.4402544563296,181.05,3511.1,217.49,-10.9522595382146,31.9,12.652574459351667,27.6,18.643333333333334,11.8,1.0207777777777778,1.55,stretched_salaried,0.7550871392559275
NW000770,5348.207111111111,733.7121069904528,4539.94,7887.13,5062.49,-5.325333497962686,50.74111111111111,12.872005112083087,46.2,29.547777777777778,28.6,0.9902222222222222,1.54,sme_seasonal,0.13718842440976844
NW000771,8968.359666666667,768.0216088244114,8190.56,11865.72,8267.46,-8.97582969090837,75.72444444444444,8.354643613740162,69.5,45.16222222222222,44.6,1.0266666666666668,1.62,stable_salaried,0.08563679840795985
NW000772,4303.890666666666,729.2172423858406,3281.9,6940.55,4544.99,9.818811046631273,48.478888888888896,12.362288563483762,50.5,29.38222222222222,24.4,1.0265555555555557,1.52,sme_seasonal,0.16943210198938774
NW000773,9064.718777777776,784.7877351889399,8323.93,11849.53,8323.93,-10.133453265835309,75.3411111111111,6.506226826326108,71.7,45.89222222222222,46.0,0.9461111111111111,1.72,stable_salaried,0.08657607085537532
NW000774,1843.6287777777777,809.3416116595375,936.28,4402.61,1198.95,-11.31608700662633,41.14666666666666,14.262476895371686,43.5,23.76222222222222,21.8,1.0195555555555555,1.62,gig_worker,0.4389938047262852
NW000775,2614.789111111111,725.3229842630967,1764.8,5061.7,2494.75,2.3911523233320806,45.61666666666667,13.785599472238733,33.8,26.85222222222222,9.9,0.9944444444444445,1.61,sme_seasonal,0.27739253662215335
NW000776,8489.483222222221,671.6715940197976,7948.36,11302.12,7948.36,-4.874626414783674,74.77444444444444,6.817748831255987,70.7,45.61555555555555,42.2,1.0147777777777778,1.6,stable_salaried,0.0791180777955504
NW000777,1872.8846666666666,745.719521964292,1161.41,4722.31,1325.93,-10.41473465859983,37.39333333333333,12.542563936945252,36.7,22.585555555555555,21.1,1.0372222222222223,1.79,stretched_salaried,0.39816628073073657
NW000778,10992.098555555556,711.0187874436864,10039.27,13946.9,10344.73,-3.268997242457893,68.14666666666666,9.567057241893291,62.8,40.31222222222222,43.7,1.0057777777777777,1.62,near_retiree,0.06468453533691507
NW000779,19113.16,752.4319675603512,17930.73,21487.94,19172.77,1.62731481252815,73.46111111111111,8.416525937934255,73.4,44.26444444444444,45.6,0.9763333333333334,1.43,near_retiree,0.0393672196308905
NW000780,1979.1772222222223,768.9778230346852,1111.89,4429.57,1226.43,-13.242188500637935,51.52,9.499215816244806,56.2,30.921111111111113,30.6,0.9612222222222223,1.56,young_professional,0.3885340910357063
NW000781,4581.821666666667,777.2042251113272,3607.3,7617.48,3618.48,-15.016750627649511,59.690000000000005,10.153972488803129,54.6,36.20666666666666,32.6,1.0237777777777777,1.56,young_professional,0.16962777725846173
NW000782,4482.844333333333,730.5082620010525,3664.71,7096.73,3859.29,-7.377318928262762,49.715555555555554,14.31062236973775,42.3,29.122222222222224,21.7,0.9550000000000001,1.66,freelancer,0.16295641955915618
NW000783,1684.972111111111,789.1896000563274,922.18,4411.64,1664.16,7.65406173601678,36.404444444444444,12.676607768616602,57.5,22.42888888888889,33.9,1.0318888888888889,1.68,stretched_salaried,0.46836953255915725
NW000784,2856.2873333333337,580.5142973334414,2222.97,5017.12,2231.36,-8.161059060789382,42.75222222222222,13.390246557528757,52.9,26.02777777777778,27.2,0.9691111111111111,1.66,stretched_salaried,0.2032408611552297
NW000785,8568.570777777777,784.6072172767467,7914.22,11462.03,8707.07,7.517507593530039,74.02222222222223,8.60819804941357,82.5,44.36666666666667,43.1,0.9974444444444444,1.83,stable_salaried,0.09156803831411325
NW000786,766.682,707.1508334045284,295.25,3251.32,492.39,-2.194122895830763,24.057777777777776,11.413248538310791,32.8,14.235555555555557,17.9,1.0232222222222223,1.53,sme_distressed,0.9223522052226717
NW000787,4508.007333333333,716.64963718243,3606.52,6801.9,4792.87,10.919393999259174,59.034444444444446,10.105879489173018,66.0,35.69555555555556,44.6,1.0470000000000002,1.55,young_professional,0.15897259791113103
NW000788,615.204,675.1062807844455,-35.6,3212.82,661.79,3.380570770053912,34.81777777777778,14.908496768793242,42.3,21.68,36.8,1.0067777777777778,1.76,gig_worker,1.097369784306418
NW000789,3477.2127777777782,775.8238881330061,2519.96,6249.22,3775.87,12.19118944725684,47.818888888888885,14.134648594372342,41.4,29.168888888888887,23.4,1.0053333333333334,1.57,gig_worker,0.2231165987572439
NW000790,1434.2592222222222,687.2704160438243,790.74,4285.56,892.72,-9.28917306663375,29.618888888888886,11.386478226036795,32.5,17.80777777777778,23.1,1.0275555555555556,1.6,sme_distressed,0.47918145157817194
NW000791,7718.564777777778,756.1468815182179,7022.07,10617.38,7192.01,-8.30887278264807,74.77555555555556,8.283994464908321,69.4,44.20333333333333,40.2,1.0204444444444445,1.77,stable_salaried,0.09796469982284936
NW000792,1880.1480000000001,688.4049420629033,1374.65,4334.26,1518.67,-0.13018561962383227,52.89,11.51639817678653,64.6,31.483333333333334,41.4,0.9973333333333334,1.57,young_professional,0.3661440174193219
NW000793,1728.6406666666667,626.2657172331669,1069.37,4197.25,1321.79,-1.7498387455241466,43.43555555555555,14.620758761656038,0.7,25.797777777777778,2.4,1.0341111111111112,1.6,freelancer,0.3622879695644286
NW000794,5036.959,714.5231337509526,4257.71,7731.76,4391.59,-11.020448861999444,60.223333333333336,10.369055627526624,55.0,36.08,32.7,0.9992222222222223,1.7,young_professional,0.14185605516164668
NW000795,8242.328777777777,806.3432259695799,7528.29,11122.75,7547.5,-7.966905955467716,73.82111111111111,8.337319570939156,71.2,44.38111111111111,46.9,1.019,1.79,stable_salaried,0.0978295391641704
NW000796,6445.771555555555,705.5347301239226,5577.88,9033.93,6664.55,8.231953739144732,54.17666666666666,11.782972384005964,60.7,33.46111111111111,33.5,1.038,1.58,sme_seasonal,0.10945698649773405
NW000797,2438.2927777777777,641.3974887644329,2035.5,4671.51,2053.19,-1.87449718072191,39.336666666666666,12.8744538446395,34.0,23.744444444444444,25.6,0.9886666666666667,1.6,sme_distressed,0.2630518757263402
NW000798,4145.31,659.7098868493192,3457.15,6798.98,4185.43,3.692573898012072,50.07333333333334,15.990873801760184,49.1,30.22888888888889,27.4,0.9917777777777779,1.72,freelancer,0.1591460920532648
NW000799,3016.631666666666,799.4066377812055,2312.72,5956.21,3052.74,5.2424912540642685,53.94333333333333,10.894767840212785,60.0,31.868888888888886,37.0,1.0010000000000001,1.71,young_professional,0.26499975009031784
NW000800,2870.0235555555555,745.8886797312726,2032.02,5274.51,2050.59,-14.256023706630462,41.04777777777778,11.89951587890489,43.0,24.532222222222224,17.7,0.9818888888888889,1.61,sme_distressed,0.25988939299381103
NW000801,13265.395555555557,767.910231279425,12075.28,16235.65,13052.59,-10.378909001111232,72.14555555555556,10.334790823876572,71.4,43.492222222222225,42.2,1.014111111111111,1.68,near_retiree,0.057888227159409784
NW000802,7933.049666666667,706.8083222621171,7262.2,10853.69,7431.47,-8.456651520763925,75.05222222222223,7.970144117482019,68.8,45.129999999999995,46.9,1.0112222222222222,1.56,stable_salaried,0.08909667176697585
NW000803,3333.9433333333336,872.0534443755105,2412.15,6337.14,3487.84,12.049577972589201,56.68666666666667,11.077634112394664,57.9,34.422222222222224,28.1,0.9676666666666667,1.5,young_professional,0.2615681663382132
NW000804,3589.525,833.0979039600234,2883.48,6319.66,3559.25,6.461040704613726,58.45666666666667,10.909413005970187,59.9,34.93,33.7,0.9876666666666667,1.42,young_professional,0.2320914059548334
NW000805,2522.621,710.4420993021081,1726.45,5286.0,2794.26,11.920418734823214,42.76555555555556,14.780454457071107,23.8,25.99888888888889,9.4,0.977111111111111,1.97,gig_worker,0.28162855193154585
NW000806,17144.872,809.057253876317,16182.98,19956.73,16810.9,4.236539325842761,72.04666666666667,8.707883551992191,74.3,42.93333333333333,40.7,0.9566666666666666,1.38,near_retiree,0.04718946014156985
NW000807,2214.8514444444445,759.5233858691647,1393.55,5043.03,1508.1,-10.08889072725028,35.27,12.84045966834451,12.1,21.921111111111113,0.0,1.0077777777777779,1.67,sme_distressed,0.3429229476199373
NW000808,3524.2854444444447,924.4477103146394,2633.24,6551.7,2668.28,-14.007385520846208,47.016666666666666,11.595323059489656,45.3,27.932222222222222,30.4,1.0176666666666667,1.61,sme_distressed,0.26230784222427417
NW000809,2441.5713333333333,764.1480914669514,1477.22,5444.11,2554.59,14.276360209079293,43.00888888888889,13.83379386445182,53.3,25.474444444444444,24.6,1.0345555555555555,1.82,gig_worker,0.31297389555426386
NW000810,9906.523777777778,792.3775893276606,9271.91,12574.42,9331.66,-6.229261884183236,76.05888888888889,8.956234341676263,84.1,45.97666666666666,53.4,0.9596666666666667,1.72,stable_salaried,0.07998543253942565
NW000811,2162.313222222222,685.6677030356103,1665.48,4553.84,1694.87,-4.432201753302884,35.75888888888889,12.336407198685738,23.4,21.64888888888889,12.8,1.0092222222222222,1.72,sme_distressed,0.31709915843318276
NW000812,483.7863333333333,713.0529514659271,-184.84,3334.61,-24.76,-5.945507922788823,40.84111111111111,12.721696007740407,38.9,24.584444444444443,35.8,0.9993333333333333,1.75,sme_seasonal,1.4739005679489234
NW000813,9501.758555555556,656.5874898813388,8829.3,11979.91,9020.15,-7.5698194015722295,75.54,9.543652517290568,63.1,45.08888888888889,31.8,0.9831111111111112,1.41,stable_salaried,0.06910168113011465
NW000814,455.84211111111114,785.7384623075453,-552.82,3300.83,-552.82,-15.277267563896777,21.47,11.70587531344549,7.4,13.464444444444444,11.3,0.975,1.55,sme_distressed,1.7237074924743454
NW000815,2695.268777777778,689.3705123244932,1794.95,5235.1,2319.58,-9.86136584763552,42.00111111111111,13.849110582275669,35.4,25.75,29.0,0.9524444444444444,1.52,sme_seasonal,0.25577059995213997
NW000816,2517.691333333333,733.8582215430256,1502.47,5210.98,2690.53,9.429833806642792,42.83444444444444,16.665527638981096,44.0,26.276666666666667,26.6,0.975,1.52,freelancer,0.2914806163198026
NW000817,3424.1425555555556,787.3128459421517,2506.45,6561.97,2506.45,-14.725178828661985,57.034444444444446,11.20628997845177,53.7,34.632222222222225,28.8,0.9767777777777777,1.61,young_professional,0.22992992644677226
NW000818,3467.4596666666666,658.5032221559554,2875.8,6077.52,3065.45,-3.1937731407169543,46.42444444444444,12.741335995346684,61.8,27.934444444444445,35.7,0.9922222222222222,1.76,gig_worker,0.18990941076727413
NW000819,8525.92911111111,520.5170842615923,8137.06,10397.08,8278.23,-0.03933588508871087,76.33444444444444,8.782402746543616,87.5,44.92777777777778,59.0,0.9871111111111112,1.49,stable_salaried,0.061051068743141104
NW000820,1757.4977777777776,705.0260509072893,1032.02,4544.53,1990.88,9.914480306210635,37.4,12.794047070784062,36.4,23.118888888888886,12.7,0.9482222222222223,1.51,stretched_salaried,0.4011533100193966
NW000821,8526.61511111111,566.9208828166267,7748.56,10838.75,8375.15,0.04865209696669758,55.568888888888885,13.259117231655976,53.4,32.525555555555556,33.1,0.9646666666666668,1.57,sme_seasonal,0.06648838670785866
NW000822,8502.805,680.9658132969771,7776.15,11267.93,8700.41,5.674272132361958,74.89,7.772409427880568,68.6,45.53777777777778,47.6,1.0272222222222223,1.54,stable_salaried,0.08008719631897675
NW000823,1397.5717777777777,781.6812699740635,718.65,4169.79,898.87,-7.36739235296539,35.27444444444444,12.65890068457063,30.5,20.625555555555554,15.5,1.0334444444444446,1.77,stretched_salaried,0.559313863089725
NW000824,2162.364888888889,822.7343844113265,1164.9,5280.21,1164.9,-17.28809499115118,41.77444444444444,15.415617071265428,40.8,24.67666666666667,23.8,0.9777777777777777,1.62,gig_worker,0.38047897865844504
NW000825,4110.775111111111,642.615772444007,3353.97,6535.12,3514.46,-9.239207638803153,46.86333333333333,16.536832910101896,25.9,28.93,27.6,1.0164444444444445,1.53,freelancer,0.15632472102574174
NW000826,1667.9943333333333,727.3878973825033,1151.09,4049.94,1674.71,1.3952352142239777,33.38333333333333,10.407476245360968,42.7,20.21888888888889,38.8,0.9823333333333333,1.7,sme_distressed,0.43608535283743166
NW000827,2263.8709999999996,721.96725182205,1455.11,5318.89,1608.76,-7.687023006955605,41.18888888888889,12.579423580910415,64.7,25.211111111111112,42.4,0.9443333333333332,1.55,stretched_salaried,0.3189082999084533
NW000828,2102.2341111111114,671.1223387459306,1634.35,4654.97,1989.78,-0.17856928838952713,40.089999999999996,11.640640258077623,46.3,24.587777777777777,25.5,0.958,1.53,stretched_salaried,0.3192424360344989
NW000829,13597.578777777779,762.9706556284949,12449.42,16564.85,13426.06,3.823703914063355,72.38222222222223,9.326337934897335,78.1,43.803333333333335,48.6,1.0332222222222223,1.72,near_retiree,0.056110772961683514
NW000830,3399.6081111111107,772.9873274058896,2720.76,6031.64,3598.87,6.587693377783254,51.00444444444444,14.141173537360075,63.0,30.673333333333332,40.3,1.0018888888888888,1.48,gig_worker,0.2273754215609429
NW000831,2114.804222222222,679.1369772973153,1541.7,4719.38,1652.39,-7.155198254928593,40.879999999999995,11.980060212562757,44.1,22.805555555555557,26.6,1.0204444444444445,1.79,stretched_salaried,0.3211346800621018
NW000832,3000.9247777777778,739.8912056151088,2360.17,5861.72,2554.61,-6.450514960694743,45.79777777777778,15.02077944818315,33.3,26.95111111111111,3.0,0.9876666666666667,1.57,gig_worker,0.2465543991952399
NW000833,8020.600444444445,813.9575002334684,7166.16,11091.59,8150.56,11.571626949829161,74.64,8.338145726557155,77.9,44.58444444444444,52.8,0.9805555555555555,1.56,stable_salaried,0.1014833622334678
NW000834,8871.813333333334,734.273652681663,8275.12,11395.91,8709.92,-0.005164258962038575,74.97555555555556,7.794009671955881,67.7,44.13333333333333,35.2,1.0050000000000001,1.64,stable_salaried,0.08276477706342592
NW000835,2388.976,798.8211835015311,1744.17,5179.72,1761.66,-3.360859859241889,43.907777777777774,14.983873186876599,29.7,26.87666666666667,14.3,1.015111111111111,1.55,freelancer,0.3343780697259123
NW000836,2075.235333333333,865.4673728019555,1201.31,5302.46,1254.72,-13.669868708070963,42.86888888888889,14.343754420875726,15.9,24.97555555555556,9.6,0.9628888888888889,1.9,gig_worker,0.41704541113985577
NW000837,443.9275555555555,707.8503663550748,-394.94,2957.27,659.93,9.397199654278301,22.09111111111111,11.523309493062696,17.1,12.51888888888889,10.5,0.9973333333333334,1.69,sme_distressed,1.5945177484403548
NW000838,1692.3808888888889,584.6789737422406,1059.25,4181.93,1516.82,1.1117069597069669,41.83888888888889,13.7970905127396,45.2,25.06111111111111,31.6,0.9933333333333334,1.55,gig_worker,0.34547717808731826
NW000839,3284.987,750.234178362352,2471.54,6015.45,2550.54,-7.977358439313488,55.10222222222222,10.34575283620362,34.7,32.54888888888889,10.0,1.0697777777777777,1.69,young_professional,0.22838269325338337
NW000840,4321.9037777777785,699.2188260947663,3537.69,7059.76,4461.02,10.731102440630542,58.17333333333334,9.244771373744676,79.1,34.522222222222226,53.8,0.9973333333333334,1.59,young_professional,0.16178491286409163
NW000841,7919.1918888888895,810.013875815251,6930.27,10864.9,6930.27,-15.643281475079242,74.06,7.513400762054154,74.6,44.79111111111111,44.3,1.0057777777777777,1.47,stable_salaried,0.1022849158323528
NW000842,3539.2495555555556,715.4018999134685,2702.24,6362.05,3909.23,12.69905963699223,54.52444444444444,10.747796336569861,52.9,33.284444444444446,43.4,0.9931111111111111,1.5,young_professional,0.20213378251061812
NW000843,9344.887333333334,730.8250375989958,8446.6,12203.17,8682.76,-12.417024982508146,75.48,7.894546546099994,81.4,45.294444444444444,61.0,0.9544444444444445,1.5,stable_salaried,0.078205869319808
NW000844,1777.5562222222222,787.7301306229092,946.92,4562.58,2097.91,12.652123472033578,33.26111111111111,10.992190224999373,35.7,19.39,16.0,0.9803333333333334,1.56,sme_distressed,0.4431534264711604
NW000845,10383.476666666667,792.7450467949818,9730.07,13424.58,9834.69,-7.105037823599617,76.73,7.001403551102682,84.6,45.68444444444445,50.8,1.0142222222222221,1.69,stable_salaried,0.07634678366831357
NW000846,2296.7522222222224,770.7249420429711,1359.03,5162.22,2462.01,12.32116409433262,44.30777777777777,13.659883262187101,32.5,25.616666666666667,24.9,1.016,1.42,gig_worker,0.33557165400160416
NW000847,8327.805333333334,862.3988459988958,7279.71,11457.91,7605.08,-16.51107363048938,74.80333333333334,8.250807927753144,72.5,45.17666666666667,43.3,0.9928888888888889,1.56,stable_salaried,0.10355655679738461
NW000848,415.8667777777778,691.7190246920795,-337.66,2889.02,-337.66,-11.963456969996297,20.96888888888889,11.79773968491036,15.6,12.818888888888889,11.2,0.9781111111111112,1.49,sme_distressed,1.6633187877818552
NW000849,5140.111444444445,811.9265406628366,4191.64,8146.42,4389.28,-13.928903403712392,51.026666666666664,15.39418247041993,63.5,30.696666666666665,26.1,1.003,1.54,freelancer,0.15795893716280923
NW000850,2054.858888888889,833.8694024178124,1139.96,4605.7,1139.96,-11.536330081903117,51.36,10.516031634999708,62.1,30.529999999999998,45.0,1.0027777777777778,1.73,young_professional,0.40580373033240513
NW000851,8997.665444444445,696.3902477974027,8575.51,11744.23,8796.0,-0.15719595011726675,75.22444444444444,8.056462422586096,75.5,45.56444444444445,48.4,0.9762222222222222,1.54,stable_salaried,0.07739677053978315
NW000852,16196.504888888889,681.5316046539016,15128.1,18624.28,15733.37,-5.164778203070495,71.14777777777778,7.644330024475404,68.0,43.01111111111111,37.1,1.0208888888888887,1.58,near_retiree,0.04207893056738712
NW000853,1109.8066666666668,775.9610991798811,338.55,4129.59,563.67,-7.723340165452531,32.41555555555556,13.124887681583497,39.7,19.98777777777778,18.8,1.0512222222222223,1.68,stretched_salaried,0.6991858334303401
NW000854,9161.120111111111,695.421255634042,8319.7,12036.98,9156.49,3.7723107379511513,59.540000000000006,13.63791641142238,43.1,35.88333333333333,27.8,0.9903333333333333,1.46,sme_seasonal,0.07591006855052548
NW000855,527.2707777777778,714.3584982333902,-271.83,3278.94,-177.32,-12.639870683623494,31.89888888888889,12.925938511071836,0.4,19.267777777777777,8.7,0.9966666666666667,1.67,stretched_salaried,1.3548228506880424
NW000856,7638.7882222222215,712.226981074038,6985.34,10504.03,7193.85,-8.97616380623126,74.02111111111111,8.910169602598266,74.5,44.33,53.1,0.9938888888888889,1.64,stable_salaried,0.09323821532348256
NW000857,10748.628888888888,738.898127985398,10101.66,13412.61,10881.64,7.998529365765268,78.64444444444445,8.173279444562102,70.3,47.290000000000006,39.2,0.9948888888888889,1.63,stable_salaried,0.06874347748197115
NW000858,3627.728333333333,715.3906387441823,2967.34,6158.4,3478.47,-6.346318557846662,50.144444444444446,16.933320062515072,62.0,30.42888888888889,43.4,0.9995555555555555,1.66,freelancer,0.19720071984741114
NW000859,855.5483333333334,798.1344675438222,275.94,3541.23,620.38,-1.2099305264024416,37.96222222222222,16.851296604517803,40.3,22.232222222222223,13.9,0.9815555555555556,1.7,freelancer,0.9328923176487073
NW000860,7964.691666666667,691.000100436179,7048.61,10521.17,8160.05,9.390221426513545,74.75222222222222,9.185359965884373,85.1,45.03666666666667,56.5,0.9835555555555555,1.54,stable_salaried,0.08675792225932734
NW000861,6884.423,841.3050410522256,5737.31,9723.26,6495.52,-5.051960406634555,65.45777777777778,9.463507411860151,65.9,39.54,38.5,1.0562222222222222,1.64,near_retiree,0.12220414710894809
NW000862,1315.9375555555557,708.5963445888951,814.17,3885.92,1284.52,2.428142075153309,40.83,13.4830351165847,50.2,24.625555555555557,29.3,1.0101111111111112,1.5,gig_worker,0.5384726209821891
NW000863,4646.372777777778,765.7654212983516,3744.41,7418.11,4763.13,9.298172202329495,51.38222222222222,14.90764510734984,49.2,30.55111111111111,37.2,1.004888888888889,1.47,freelancer,0.16480929488929094
NW000864,463.7872222222222,703.4273458710314,29.47,3187.58,250.85,-2.5471733135778085,35.34444444444444,15.827632721069145,32.2,21.385555555555555,15.1,0.9865555555555556,1.54,gig_worker,1.5167027295417517
NW000865,2781.8444444444444,711.4268594164307,1896.89,5246.3,3095.15,12.06076058772686,45.49444444444445,13.709705912409063,49.2,28.144444444444446,25.5,1.0131111111111113,1.77,gig_worker,0.2557392671028764
NW000866,5208.120111111111,726.1881508019508,4523.25,7938.09,4939.93,5.172916738691991,53.068888888888885,14.231225712088698,35.3,32.23777777777778,32.3,0.9973333333333334,1.76,freelancer,0.13943383318919353
NW000867,11713.67788888889,822.866622982783,10736.54,14412.59,11895.44,10.566865950528856,77.96555555555555,7.887625938539245,67.7,47.44777777777778,34.4,0.974,1.55,stable_salaried,0.07024835673203207
NW000868,10914.581777777777,771.6947475110405,9946.15,13492.1,11205.64,9.702865538955402,78.62222222222222,7.698500916058713,71.7,47.38666666666667,39.7,0.9532222222222223,1.42,stable_salaried,0.07070309822426916
NW000869,4430.395222222222,674.0088421172212,3657.15,6770.94,4276.24,-3.7114979627114733,50.025555555555556,12.34346081813318,26.6,30.317777777777778,9.3,1.0363333333333333,1.67,sme_seasonal,0.15213289296099144
NW000870,1945.0263333333332,733.5301878570781,1479.35,4577.85,1800.66,1.6151642589620057,33.60333333333334,12.847860399846057,24.8,20.61111111111111,19.5,1.010888888888889,1.82,sme_distressed,0.37713123739562643
NW000871,1214.9288888888889,782.2981447990622,264.42,3662.73,273.27,-13.500741161460263,37.477777777777774,14.434577538470167,50.2,22.691111111111113,30.6,0.984,1.59,gig_worker,0.6439044720670949
NW000872,913.715,615.0691410905852,534.64,3446.01,775.32,-1.4880247767214103,32.55222222222222,13.200129619535344,49.5,19.654444444444444,32.6,0.9823333333333333,1.72,stretched_salaried,0.6731520672097812
NW000873,4330.916888888889,661.363045205314,3819.77,6940.54,4208.64,1.4153289706547938,59.214444444444446,9.621891718871497,83.7,35.92111111111111,51.8,1.0142222222222221,1.7,young_professional,0.15270739711077413
NW000874,1523.3185555555558,720.9721914809899,755.71,4181.87,988.94,-7.113946166193358,39.638888888888886,14.149678953315428,22.7,24.181111111111115,12.6,1.0362222222222224,1.54,gig_worker,0.47329049387050276
NW000875,9956.327444444443,913.4678560466564,8937.21,12941.84,8967.29,-16.632686257562636,76.17222222222222,8.566160596544565,55.3,45.58888888888889,26.3,0.9417777777777778,1.6,stable_salaried,0.0917474702538399
NW000876,9536.128444444445,785.6441986495604,8958.89,12169.26,9267.91,-5.311082026587644,76.56,8.413095730780727,81.6,45.55444444444444,48.0,1.0214444444444444,1.7,stable_salaried,0.08238607556793771
NW000877,15660.780555555555,808.5142292333031,14464.48,18283.54,14828.09,0.4831074618264738,71.34555555555556,8.801138347097158,57.3,43.69444444444444,28.5,1.0172222222222222,1.78,near_retiree,0.05162668785027374
NW000878,3636.6768888888887,701.654801945788,2974.85,6232.51,3731.26,5.766734987858576,57.61,8.78261881550298,50.9,34.05222222222222,23.9,1.0113333333333332,1.62,young_professional,0.19293844995950798
NW000879,9170.943444444445,905.8037163982113,8344.11,12095.15,8583.69,-10.642222578919187,75.09666666666666,8.64800360153341,89.5,44.718888888888884,59.2,0.9994444444444445,1.76,stable_salaried,0.0987688695154834
NW000880,482.83433333333335,781.3601598754327,-231.78,3186.13,-223.19,-10.56733086389266,32.19888888888889,11.883360989824467,17.4,18.246666666666666,16.2,0.9908888888888889,1.64,stretched_salaried,1.6182779598152701
NW000881,2853.735777777778,700.9119550135018,2302.46,5680.63,2801.75,3.3240240358891837,43.88444444444444,11.126584332191678,47.1,26.482222222222223,36.5,1.0508888888888888,1.56,stretched_salaried,0.24561207119157555
NW000882,2754.614222222222,664.7914422507541,2317.04,5379.11,2374.49,-2.012219615590415,53.31111111111111,11.092810146838707,55.2,30.884444444444444,32.0,0.9741111111111111,1.76,young_professional,0.2413374028521674
NW000883,9037.268444444444,691.3266728591788,8527.44,11574.33,8724.38,0.77960637115691,76.45,7.643595394956339,79.8,46.06333333333333,46.8,0.9794444444444446,1.62,stable_salaried,0.07649730414771112
NW000884,8409.436666666666,718.8870584045685,7666.17,11100.88,7828.59,-7.947850351895331,74.26555555555555,8.943733743990581,76.7,44.861111111111114,58.2,1.0223333333333333,1.64,stable_salaried,0.08548575688239543
NW000885,3785.977,632.0578201833625,2800.47,6188.3,4109.99,10.359541589496645,47.775555555555556,11.983362165478173,59.6,28.60888888888889,39.6,1.0307777777777778,1.66,sme_seasonal,0.1669470839847581
NW000886,7620.192777777777,647.6240412982504,7129.39,10327.26,7320.35,-1.3441607605877504,73.28666666666666,8.870886608083948,84.2,44.56222222222222,54.1,1.0006666666666666,1.6,stable_salaried,0.0849878815647381
NW000887,4025.3684444444443,758.90943960768,3363.53,6742.99,3594.92,-4.359166646088014,57.626666666666665,10.86733896498013,42.6,34.91444444444445,22.5,1.0361111111111112,1.67,young_professional,0.18853167109586658
NW000888,1786.5355555555557,871.1253573822812,891.49,4917.0,909.75,-15.820961270938804,36.50333333333334,13.065637666813261,43.4,23.116666666666667,24.7,1.0123333333333333,1.53,stretched_salaried,0.48760594474224667
NW000889,10548.116,751.9145971090172,9732.34,13282.08,10904.51,11.657552290406219,77.61111111111111,8.266358578286997,74.4,46.98,56.7,1.0156666666666667,1.54,stable_salaried,0.07128425560631085
NW000890,471.00677777777776,799.1316381173145,-447.98,3597.59,712.25,12.203254311231834,30.060000000000002,13.777842495116017,48.8,20.017777777777777,36.8,0.9905555555555556,1.87,stretched_salaried,1.696645729574505
NW000891,16323.81022222222,714.8533242246313,15302.09,18893.1,16490.62,4.321518376754261,72.42999999999999,8.253313260459757,72.8,43.842222222222226,45.7,0.9758888888888889,1.67,near_retiree,0.04379206291258363
NW000892,3243.8124444444443,741.2221652159632,2438.34,6204.23,3230.61,2.4007097172490233,47.635555555555555,13.546850134414816,61.7,28.07333333333333,42.1,1.0095555555555555,1.61,sme_seasonal,0.22850339774897482
NW000893,1460.3085555555554,841.3159338578218,803.54,3960.13,1560.54,0.17737243281063025,45.40888888888889,12.3413859732335,30.2,27.56444444444444,21.5,0.9858888888888889,1.54,sme_seasonal,0.5761220330163402
NW000894,2476.9475555555555,856.1747492875234,1461.94,5636.87,1552.82,-15.83741515413425,45.30888888888889,14.64815549568333,50.5,26.343333333333334,32.1,0.957,1.49,gig_worker,0.3456571970477153
NW000895,3607.458222222222,818.7133119726946,2723.89,6322.22,2770.26,-11.788888175494916,56.99444444444445,10.608194427598548,39.1,33.97333333333333,15.3,0.9596666666666667,1.61,young_professional,0.22695018529372207
NW000896,1762.1001111111111,725.1847286679758,840.43,4570.07,921.04,-13.073178664032595,38.02111111111111,12.464678134583004,28.9,22.516666666666666,20.1,0.9995555555555555,1.6,stretched_salaried,0.41154570282088165
NW000897,2131.5623333333333,773.1800453083574,1228.46,4449.12,2479.23,12.677562250483584,41.14,12.428860940153081,44.0,24.686666666666667,33.1,0.9943333333333333,1.61,stretched_salaried,0.3627292682073528
NW000898,4959.814333333333,834.5432095558882,4131.27,7884.1,4364.47,-6.184702061982971,50.614444444444445,12.213554462532128,43.3,30.556666666666665,26.2,0.9906666666666666,1.57,sme_seasonal,0.16826097782475224
NW000899,9622.920777777777,786.3885427289384,8732.07,12309.39,8732.07,-12.194087253570437,76.85444444444444,9.128411766199166,81.0,46.086666666666666,52.5,0.9718888888888889,1.6,stable_salaried,0.08172035922242511
NW000900,9084.722,750.3025838521958,8499.68,11780.58,8916.11,3.141941968144158,75.62,8.430951537058244,80.5,46.371111111111105,55.2,1.0421111111111112,1.55,stable_salaried,0.08258949298087447
NW000901,2451.041888888889,659.7905594906772,1982.77,4682.17,2381.55,0.8098618759517607,41.81,11.9939596220652,40.4,25.631111111111114,28.5,1.0275555555555556,1.79,stretched_salaried,0.269187794170982
NW000902,7454.21588888889,597.1100421005252,6789.15,9921.15,7013.7,-6.258638103469541,72.75555555555556,8.119225500107625,70.8,43.53666666666667,45.2,0.9645555555555556,1.7,stable_salaried,0.08010366898422756
NW000903,9388.59911111111,788.434802798792,8322.53,11949.55,9792.35,12.851176029962533,76.75333333333333,8.374656793236033,85.7,45.94333333333333,58.8,1.0036666666666667,1.46,stable_salaried,0.08397789632594967
NW000904,3182.589333333333,697.7970755939115,2308.1,6106.09,3758.68,14.647488825780936,53.228888888888896,8.856613658342198,59.7,31.996666666666666,34.6,1.0083333333333333,1.58,young_professional,0.2192545133880227
NW000905,2659.73,794.9295449523826,1665.19,5143.71,2850.6,10.233971272173498,43.428888888888885,14.32144023612687,58.6,25.706666666666667,33.5,1.0405555555555557,1.73,gig_worker,0.2988760306318245
NW000906,7887.888666666667,764.395731385256,6727.3,11314.77,6945.86,-14.294051282051305,53.794444444444444,13.305311612420834,43.6,32.79,29.2,1.0007777777777778,1.82,sme_seasonal,0.0969075203375406
NW000907,7185.021111111111,676.981821002079,6167.85,9395.74,7333.28,10.207082685105139,53.922222222222224,13.087920305670819,56.1,31.944444444444443,36.4,0.9693333333333333,1.6,sme_seasonal,0.09422127096539437
NW000908,682.3214444444444,627.3725053693345,88.3,3447.95,152.88,-8.800643947812487,31.310000000000002,11.33748926885262,23.7,19.330000000000002,8.4,1.0084444444444445,1.56,stretched_salaried,0.9194676650975698
NW000909,1122.4294444444445,770.8087564156905,303.85,3844.51,303.85,-12.408964645841044,33.11222222222222,12.472818336423936,33.8,19.124444444444446,17.4,0.9332222222222222,1.48,stretched_salaried,0.6867324803629047
NW000910,3503.4326666666666,733.8463145305783,2578.98,5879.49,3686.81,9.430901592789219,48.28333333333333,14.157939369520243,63.9,29.023333333333333,41.3,0.9668888888888888,1.59,gig_worker,0.20946494034629037
NW000911,5276.0526666666665,702.6822085534316,4540.54,8103.47,5392.1,8.140615549244758,62.01111111111111,9.561797165998417,61.8,37.94555555555556,35.7,1.0116666666666667,1.59,young_professional,0.13318331960423282
NW000912,2262.8140000000003,724.2760524219408,1566.49,4738.46,2447.06,5.344848005926644,38.60888888888889,12.475383801661234,53.3,23.022222222222222,25.3,0.996,1.69,stretched_salaried,0.3200775903021374
NW000913,2680.7682222222224,766.1216739087592,2006.29,5324.71,2690.33,5.069374326048481,53.42,11.232198900252408,43.0,31.80888888888889,24.7,1.0593333333333335,1.72,young_professional,0.2857843761195001
NW000914,2151.661777777778,795.6516105988155,1615.88,4634.58,1734.0,-3.609878421204261,40.96222222222222,15.209736516254402,21.5,24.418888888888887,15.0,0.9916666666666667,1.63,gig_worker,0.36978470260347296
NW000915,2421.1944444444443,743.8012160926625,1572.25,4795.81,1910.69,-8.795321068444672,45.39666666666666,13.294050794127946,55.2,26.74,39.2,0.9972222222222222,1.53,freelancer,0.3072042469779132
NW000916,4252.548888888889,570.042070297328,3804.7,6709.78,4092.16,-1.4645959583487604,51.15666666666667,15.13574569530055,74.5,30.862222222222222,47.9,1.0376666666666667,1.68,gig_worker,0.13404715270569628
NW000917,2926.252444444445,720.7481098999115,2278.82,5266.44,2404.41,-5.939573116022566,44.968888888888884,12.050527000872268,14.1,26.236666666666668,9.5,0.9858888888888889,1.72,stretched_salaried,0.24630414620183155
NW000918,2220.469888888889,660.3794167868331,1665.02,4538.9,1711.61,-6.371947071654945,37.80777777777777,10.997448404549877,39.3,22.30777777777778,26.2,0.9522222222222223,1.42,sme_distressed,0.2974052564690636
NW000919,9321.245333333332,764.0772037675928,8328.83,12421.36,8743.55,-5.642181339260057,67.86777777777777,10.293368955033356,64.5,40.70666666666666,38.5,1.025777777777778,1.79,near_retiree,0.08197157959518638
NW000920,9731.23,650.2951453201587,9299.04,12508.92,9586.54,0.36614347450295387,77.39111111111112,7.842374732706269,78.8,46.09444444444444,47.5,0.962,1.62,stable_salaried,0.06682558580160562
NW000921,4843.213555555555,731.0136653056637,4029.57,7768.84,4485.04,-0.33159567024736386,48.28,11.724258918627273,62.3,28.94888888888889,42.2,1.0224444444444445,1.69,sme_seasonal,0.15093566635465255
NW000922,3255.529,650.9544743898779,2416.44,5972.25,3524.77,6.170973288883386,46.48444444444445,15.395847325055858,56.8,27.21222222222222,28.0,0.9936666666666667,1.62,freelancer,0.1999535173515204
NW000923,6001.511222222222,687.2234465739375,5277.46,8694.3,5594.47,1.3050507470057826,52.54666666666667,13.16287083197757,44.3,31.2,21.1,1.0017777777777777,1.59,sme_seasonal,0.11450839982258242
NW000924,4023.0424444444443,714.6154062203251,3331.93,6929.24,3529.21,-5.709591966086371,47.49555555555556,13.488271318854618,23.5,29.14,12.3,1.012888888888889,1.63,sme_seasonal,0.1776305908000453
NW000925,3023.134,757.6887260933664,2181.97,5931.22,2193.87,-11.96744536362514,44.55777777777777,13.761548594738285,50.1,26.236666666666668,32.0,1.0173333333333334,1.58,gig_worker,0.2506302155621836
NW000926,8156.4402222222225,610.7923637337456,7389.28,10359.71,7707.23,-9.507572292875675,73.85888888888888,7.95663661148923,75.6,44.64111111111111,44.7,1.02,1.56,stable_salaried,0.07488467359444892
NW000927,3402.380222222222,801.4418915998747,2522.07,6314.99,2522.07,-14.917599539037745,45.443333333333335,11.472615661319768,44.2,27.235555555555553,30.8,0.9631111111111111,1.51,stretched_salaried,0.23555330070559338
NW000928,3337.0469999999996,635.644227450308,2710.26,6204.43,2710.26,-6.688309750174942,47.53777777777778,14.325216062278475,4.3,28.675555555555558,7.1,1.0177777777777777,1.75,freelancer,0.190481053293618
NW000929,4136.371,840.2240962019085,3210.34,6867.32,3210.34,-13.79868535210107,60.10888888888889,9.125549322476639,59.3,35.20333333333333,41.8,1.0390000000000001,1.62,young_professional,0.20313073856332242
NW000930,2427.6754444444446,711.902900155492,1749.49,5464.65,2559.53,8.670782977322283,39.26111111111111,13.150782387494894,51.7,23.087777777777777,31.0,1.0374444444444444,1.66,stretched_salaried,0.29324467641859997
NW000931,6497.392444444444,764.3636538997296,5555.68,9176.9,6720.49,10.844151129769113,71.05222222222223,8.508188095544407,62.8,42.55,44.0,1.0036666666666667,1.53,stable_salaried,0.117641601678731
NW000932,3606.409444444444,659.7506040314873,2869.76,5962.72,3841.18,1.2161895707288837,47.794444444444444,12.761382767448373,53.9,29.235555555555553,32.7,0.9634444444444443,1.48,sme_seasonal,0.1829383530058717
NW000933,1354.2167777777777,755.1562479676353,488.43,3812.77,1716.98,8.714161336790543,28.831111111111113,13.768859543679826,47.9,17.594444444444445,28.0,0.9838888888888888,1.53,sme_distressed,0.557633209364619
NW000934,3369.695555555555,711.4478414024495,2564.54,6130.05,3435.65,6.818305963699208,49.38111111111111,13.865824889820155,67.6,30.585555555555555,35.7,0.9844444444444443,1.62,freelancer,0.2111311926175344
NW000935,7446.170888888889,645.5097793507107,6964.61,10117.07,7169.68,-1.908611104251587,73.92999999999999,7.528320313428022,61.6,44.17111111111111,36.1,1.0104444444444445,1.66,stable_salaried,0.08669016451313719
NW000936,3629.6739999999995,801.0150539942388,2618.71,6498.77,3933.17,11.829755113800038,47.69333333333333,13.728865678161059,61.8,27.615555555555556,35.4,0.9698888888888889,1.65,stretched_salaried,0.22068512323537565
NW000937,11444.329888888888,795.7073544620093,10539.38,14427.69,11959.38,13.954096637444898,77.9,8.314154709850294,57.3,46.404444444444444,36.7,0.9942222222222222,1.55,stable_salaried,0.06952852304917814
NW000938,946.8826666666666,555.4855160295825,416.1,3019.04,1114.02,6.474717207885744,26.58888888888889,11.241450628575768,20.8,15.988888888888889,9.6,1.0081111111111112,1.45,sme_distressed,0.5866466200982127
NW000939,9827.528777777778,881.3357769386055,8914.27,12602.17,8914.27,-14.605667448656247,75.12222222222222,7.153655116309153,81.5,45.42444444444444,40.3,1.0013333333333334,1.6,stable_salaried,0.08968030487293013
NW000940,3588.534777777778,720.3010493111295,2833.52,6121.95,2984.76,-9.652337407910444,56.45,10.887094204824308,64.0,33.303333333333335,38.4,1.015,1.65,young_professional,0.2007228838275828
NW000941,1401.8684444444445,741.7308599332565,628.75,4308.73,628.75,-12.024222085031063,35.87222222222222,11.14016952423589,34.7,22.13,26.0,1.0415555555555556,1.68,stretched_salaried,0.5291016163982504
NW000942,7002.939,861.3742923878267,6050.13,9868.48,6864.55,11.94530921512942,59.48222222222222,13.742868040279449,62.2,35.83444444444444,29.5,0.957,1.6,freelancer,0.12300182714540661
NW000943,3758.9744444444445,672.8307392494053,3280.94,6143.95,3470.9,-0.9103464625262538,59.55666666666667,10.385892008344241,49.3,36.22555555555556,31.1,1.0222222222222221,1.6,young_professional,0.17899316667177978
NW000944,3747.1716666666666,669.6132990038424,2914.08,6102.6,3365.67,-9.135146808247965,48.1,12.770673919552976,60.7,28.56111111111111,32.6,0.9893333333333334,1.52,sme_seasonal,0.17869832464854846
NW000945,2731.4663333333333,834.3363819408959,1821.96,5435.95,1954.38,-13.031775857101714,43.87444444444444,13.738574915147714,45.0,26.416666666666668,23.7,1.0425555555555555,1.42,stretched_salaried,0.30545365753152703
NW000946,7444.1918888888895,585.4907621449431,7068.9,9926.93,7186.93,-0.40349631641766737,74.49888888888889,8.76518258325819,66.8,44.31,40.2,0.9558888888888889,1.44,stable_salaried,0.078650681079143
NW000947,8883.486555555555,841.1123309997981,8066.63,11680.98,8066.63,-10.593371938922546,74.83,7.408459331259189,81.1,44.51,48.0,0.9996666666666667,1.58,stable_salaried,0.09468268182088746
NW000948,712.6752222222221,704.3287343745677,221.88,3114.67,300.12,-2.313593859324197,22.227777777777778,11.468403372096683,13.7,12.54,0.0,0.9877777777777779,1.59,sme_distressed,0.9882885112497262
NW000949,8833.635888888888,837.8849173021678,7943.82,11769.33,8353.45,-8.586561056920608,58.70444444444444,13.033697993883216,77.4,34.675555555555555,48.4,0.9814444444444445,1.75,sme_seasonal,0.0948516474802946
NW000950,2135.832777777778,703.5335456557732,1613.42,4528.05,1742.19,-4.302028480882422,50.55777777777777,9.434123787371867,51.3,31.03666666666667,26.7,1.0237777777777777,1.5,young_professional,0.3293954250424806
NW000951,3844.7850000000003,644.0818932546848,3418.79,6497.82,3588.03,-2.0515539366999938,57.01333333333333,10.865140629502983,58.3,34.04111111111111,43.0,0.9913333333333333,1.81,young_professional,0.16752091293913307
NW000952,3482.238888888889,795.7027329566652,2738.19,6271.4,3642.18,7.197517882866168,56.2,9.276356316833347,49.4,33.22555555555556,28.4,0.9390000000000001,1.52,young_professional,0.22850320105711
NW000953,9758.730777777779,695.1709713820031,9049.49,12137.63,9715.66,4.522143392188318,78.59555555555556,7.090108810611942,80.3,46.91555555555555,45.0,1.0001111111111112,1.65,stable_salaried,0.07123579768846793
NW000954,488.47488888888887,640.022744929831,34.08,2586.77,401.5,2.3243886899617237,22.253333333333334,11.735188608854706,19.1,13.517777777777777,14.5,1.0061111111111112,1.6,sme_distressed,1.3102469737710796
NW000955,3071.2364444444447,733.6611444157431,2305.21,5726.41,2491.52,-8.424218463184758,44.93555555555555,15.117088411709467,74.2,26.293333333333333,38.5,1.021777777777778,1.63,gig_worker,0.23888136185114037
NW000956,452.4224444444444,723.1460827962912,-249.55,3238.91,-249.55,-6.867977775033955,33.57888888888889,15.222813264813466,24.2,20.293333333333333,15.6,0.9732222222222222,1.64,gig_worker,1.5983868432616866
NW000957,4881.131111111111,823.5390827404603,3793.26,8137.25,3873.92,-13.975357616166598,53.02,17.073319747225828,88.1,31.471111111111114,44.9,0.9944444444444445,1.51,freelancer,0.1687189022367799
NW000958,9145.172111111111,839.4413361578926,8175.23,11784.8,9491.65,11.95163213565459,74.82222222222222,7.696690924417941,85.3,44.83222222222222,57.6,0.9724444444444444,1.47,stable_salaried,0.09179065478035087
NW000959,7591.331222222223,755.2335494652075,6532.59,10440.29,7972.56,14.628257068773895,72.60888888888888,8.321012314771066,68.1,43.96666666666667,29.7,1.0012222222222222,1.55,stable_salaried,0.09948631239464305
NW000960,13493.328555555556,858.8068280875494,12270.43,16475.17,12270.43,-11.001266246861796,70.78222222222222,8.80595531097146,73.6,42.94777777777778,48.3,1.0345555555555555,1.74,near_retiree,0.06364677362976952
NW000961,9730.128222222223,803.0779806827472,9011.43,12261.06,9071.21,-9.557750833436293,76.22222222222223,7.577298706029709,78.2,45.54777777777778,50.3,0.9677777777777777,1.65,stable_salaried,0.08253518991133454
NW000962,2406.9392222222223,753.9779500042732,1606.08,5073.49,2570.12,8.612490183973327,54.50666666666667,9.620995299957158,61.0,32.86333333333333,37.5,1.0502222222222222,1.71,young_professional,0.31325176100963537
NW000963,2350.5344444444445,742.2849547358588,1789.22,5087.53,2275.52,4.39766209820142,40.32,13.668229379916864,29.5,23.52111111111111,24.2,0.9810000000000001,1.66,stretched_salaried,0.3157941192864757
NW000964,3416.2347777777777,698.502764958339,2882.55,6213.69,3197.03,-4.3981343375725395,46.620000000000005,14.96590281910888,38.9,27.58666666666667,16.8,0.9924444444444444,1.83,gig_worker,0.20446567943808217
NW000965,491.65555555555557,734.1695069927669,-136.73,2935.79,-108.03,-5.146629295797836,33.65111111111111,10.778236962044744,32.8,19.835555555555555,23.7,0.9622222222222222,1.59,stretched_salaried,1.4932598619030717
NW000966,2459.1295555555557,690.7401528923718,1886.3,5429.34,2458.34,6.011758817961065,41.88333333333333,13.63131927469016,38.1,25.32777777777778,25.8,0.9884444444444443,1.49,gig_worker,0.2808880692486829
NW000967,22260.671444444444,771.5964188041398,20995.67,25265.14,23079.79,12.426893772893688,77.3711111111111,8.355328575555431,81.6,46.05444444444444,57.6,1.0283333333333333,1.81,near_retiree,0.03466186636507345
NW000968,2023.392,771.1714961240185,1137.22,4356.79,1348.99,-10.07110639173562,38.74111111111111,11.759661525783761,16.1,22.506666666666664,9.6,1.0322222222222224,1.63,stretched_salaried,0.38112807410725086
NW000969,2829.556777777778,713.1109278253152,2027.65,5492.26,2256.87,-13.812692678108421,46.812222222222225,16.259108615904204,31.4,28.53777777777778,13.7,1.0038888888888888,1.58,freelancer,0.25202213061275425
NW000970,3002.646777777778,781.1595479320827,2306.79,5860.77,2566.92,-6.922194921183693,47.12777777777778,15.22368813394115,65.7,28.15222222222222,36.5,0.9755555555555555,1.63,freelancer,0.2601569900640159
NW000971,4178.986888888889,595.1995126980993,3705.8,7067.57,3705.8,-4.840404165123287,59.45,11.605686808290788,60.5,36.56777777777778,33.8,0.9854444444444445,1.58,young_professional,0.14242674804283756
NW000972,2246.7161111111113,682.7964895526196,1325.98,5172.5,2647.16,14.605716178952134,38.02111111111111,10.859516558077345,43.1,22.885555555555552,24.3,1.0323333333333333,1.65,sme_distressed,0.30390866303751357
NW000973,15399.348999999998,662.3510845483377,14366.29,17916.28,16148.61,8.174875169774056,73.00222222222222,9.058833639953573,77.5,43.46666666666667,49.0,1.015777777777778,1.63,near_retiree,0.0430116289038152
NW000974,1738.267,711.6177875663217,1293.21,4064.01,1497.12,0.5122081738486222,40.45777777777778,12.162716818190768,37.4,24.24111111111111,14.5,0.9968888888888888,1.74,stretched_salaried,0.4093834765121363
NW000975,6671.561777777779,757.192504471792,5795.18,9139.17,5853.84,-12.431823023418595,72.73333333333333,7.283195989414589,62.5,42.660000000000004,38.2,1.0298888888888889,1.69,stable_salaried,0.11349553967916702
NW000976,2278.5946666666664,732.2948846401373,1632.01,5123.79,2422.45,7.259379676503255,40.870000000000005,11.935053178851886,24.5,24.31222222222222,17.8,0.9976666666666667,1.6,stretched_salaried,0.32138005734534797
NW000977,4133.816,695.2545491050282,3720.47,6667.99,3819.63,-1.7858871465612955,58.99777777777778,11.687109751007087,48.9,35.58555555555555,27.2,0.9577777777777778,1.47,young_professional,0.1681871058375671
NW000978,9555.516777777779,766.0842757506662,9013.61,12114.98,9365.55,-0.5798351236778369,76.31777777777778,6.861643557458591,66.0,46.407777777777774,41.9,0.9753333333333334,1.8,stable_salaried,0.08017193560187814
NW000979,2894.382777777778,784.8591704835954,2263.79,5640.85,2503.48,-5.000564431822862,44.25888888888889,13.289684218096722,27.3,27.17222222222222,19.5,1.0398888888888889,1.58,freelancer,0.27116633518880573
NW000980,3515.1535555555556,700.4437720960296,3022.66,6189.88,3172.71,-1.2671865662427437,58.455555555555556,11.11819150186575,72.9,34.217777777777776,40.8,1.011111111111111,1.6,young_professional,0.19926406087978918
NW000981,2194.521333333333,659.7156280221268,1457.2,4643.74,1553.55,-10.261887475820068,41.29777777777778,12.113721236566962,58.7,23.753333333333334,33.4,1.0467777777777778,1.64,stretched_salaried,0.30061937334647015
NW000982,19581.011555555557,953.4286821014641,18139.91,23124.33,18720.29,-17.880492900358,75.3288888888889,8.227854095766617,78.1,45.373333333333335,48.7,1.019777777777778,1.61,near_retiree,0.04869149274522315
NW000983,9504.005444444445,619.1460793781637,8861.69,11808.33,9657.21,5.7668746758859255,76.35444444444444,8.556647473165237,73.2,46.13777777777777,47.9,0.9871111111111112,1.61,stable_salaried,0.06514580436610384
NW000984,10121.323,683.7237468902814,9629.45,12785.78,9994.78,0.4878649215952302,75.62222222222222,7.001280425073105,75.9,45.22666666666667,44.3,0.9848888888888889,1.76,stable_salaried,0.06755280380739567
NW000985,12708.997222222222,761.6327267526888,11638.23,15809.28,11967.11,-7.231503560110343,70.55333333333334,8.832348613051453,76.5,42.611111111111114,45.5,1.0134444444444446,1.52,near_retiree,0.059928624850192076
NW000986,3937.655333333333,769.9394202044205,3382.33,6565.5,3579.87,-1.4150518994114296,51.01555555555555,16.825955812783207,54.1,31.12,22.8,0.9747777777777779,1.45,freelancer,0.19553245650696544
NW000987,3473.049222222222,663.6153039718722,2897.19,6023.06,3546.62,4.036852203975798,57.215555555555554,10.488269649932148,48.9,34.26333333333333,34.2,0.9876666666666667,1.77,young_professional,0.19107569789847653
NW000988,2801.1259999999997,631.8251274472298,2027.75,5252.74,2974.0,9.184235913898831,45.23777777777778,14.753552821233903,63.7,27.484444444444442,39.2,1.018888888888889,1.58,gig_worker,0.22556112343651438
NW000989,3285.176222222222,745.7417171470515,2379.17,5748.68,3628.96,13.339403383133698,45.15111111111111,12.445207953214423,54.2,27.355555555555554,26.1,0.9738888888888889,1.55,stretched_salaried,0.22700204393985374
NW000990,7013.502444444444,780.541606774627,5996.73,9625.47,6127.53,-10.478539408157395,53.05111111111111,10.377679639814323,66.8,32.23111111111111,44.1,0.9866666666666666,1.84,sme_seasonal,0.11129127179429614
NW000991,4490.693444444444,750.5887901008657,3798.14,7212.55,4337.95,0.36185808947605924,50.75666666666667,13.232748362055524,59.8,30.34,36.5,1.0442222222222222,1.69,sme_seasonal,0.16714318164590794
NW000992,997.496,762.1227303354314,81.95,3770.24,1232.95,10.219996213524299,47.148888888888884,10.433623741037346,35.5,28.62333333333333,30.1,0.9912222222222223,1.61,young_professional,0.7640358761693594
NW000993,1912.9842222222221,721.1542164949808,1392.56,4303.87,1392.56,-4.851660204963573,39.766666666666666,13.408374039458419,52.5,23.89111111111111,29.9,0.9961111111111112,1.53,stretched_salaried,0.37697865362279387
NW000994,2309.0136666666667,769.2679131974559,1701.54,5275.9,1785.24,-6.858989751821229,51.97666666666666,9.251225852571155,31.1,31.295555555555556,22.8,1.015777777777778,1.54,young_professional,0.33315866610178396
NW000995,3656.828777777778,777.5945754174949,3136.81,6388.69,3552.65,2.5940541630653735,49.93888888888889,14.681354791940743,49.2,29.24888888888889,29.3,1.0586666666666666,1.68,gig_worker,0.21264177862055442
NW000996,9413.880111111112,842.1469061861259,8842.45,12227.69,9086.64,1.4704471333909552,77.94666666666666,8.737986295158745,87.9,46.81444444444445,51.4,0.9942222222222222,1.59,stable_salaried,0.08945800204021592
NW000997,2291.2543333333333,715.500742877699,1390.99,4829.43,1466.8,-15.727589002757556,38.05777777777777,11.345919206776138,40.1,22.966666666666665,28.8,0.9785555555555555,1.65,sme_distressed,0.31227469271679825
NW000998,10495.828555555556,655.1947953391141,9908.49,12960.73,10034.55,-4.585914063464697,77.99000000000001,7.782450005614403,81.4,46.98555555555556,53.7,1.0125555555555554,1.89,stable_salaried,0.06242430427203504
NW000999,2080.2813333333334,742.7499836966327,1402.7,4792.92,1444.55,-7.6826569535333675,35.528888888888886,12.775479009418781,28.5,21.76,15.8,0.9842222222222222,1.54,sme_distressed,0.3570430459549859
NW001000,1915.4911111111112,610.571831323304,1294.14,4652.53,1765.48,6.772013664238376,39.55111111111111,14.564164459110243,21.7,23.343333333333334,7.1,0.9627777777777778,1.68,gig_worker,0.3187547192370588
